"DESCRIPTION","DURATION IN MS","NAME","PARENT SUITE","START TIME","STATUS","STOP TIME","SUB SUITE","SUITE","TEST CLASS","TEST METHOD"
"P1: POST /idp/suggest-roles with empty skills — API accepts it.","262","test_p1_idp_suggest_roles_empty","tests.api","Sun May 17 16:03:34 UTC 2026","passed","Sun May 17 16:03:34 UTC 2026","TestAuthIDPP1","test_auth","",""
"","215","test_p1_create_module_missing_title","tests.api","Sun May 17 16:04:51 UTC 2026","passed","Sun May 17 16:04:52 UTC 2026","TestCoursesModulesP1","test_courses","",""
"","242","test_p1_university_nonexistent","tests.api","Sun May 17 16:04:23 UTC 2026","passed","Sun May 17 16:04:23 UTC 2026","TestAuthNewP1","test_auth","",""
"P1: GET /api/v1/tenants/99999/sub-accounts/99999/limit → 404.","256","test_p1_sub_account_limit_nonexistent","tests.api","Sun May 17 16:04:43 UTC 2026","passed","Sun May 17 16:04:44 UTC 2026","TestBillingNewEndpointsP1","test_billing","",""
"P0: Business metrics returns 200.","282","test_business_metrics","tests.api","Sun May 17 16:04:27 UTC 2026","passed","Sun May 17 16:04:28 UTC 2026","TestBillingHealth","test_billing","",""
"P0: POST /api/v1/lessons/{id}/bookmarks.","291","test_post_lesson_bookmark","tests.api","Sun May 17 16:05:19 UTC 2026","passed","Sun May 17 16:05:19 UTC 2026","TestCoursesNewEndpoints","test_courses","",""
"P1: POST /api/v1/subscriptions/99999/grant → 404.","208","test_p1_grant_sub_nonexistent","tests.api","Sun May 17 16:04:43 UTC 2026","passed","Sun May 17 16:04:43 UTC 2026","TestBillingNewEndpointsP1","test_billing","",""
"","217","test_p1_approve_nonexistent","tests.api","Sun May 17 16:04:21 UTC 2026","passed","Sun May 17 16:04:21 UTC 2026","TestAuthNewP1","test_auth","",""
"","313","test_delete_my_resume","tests.api","Sun May 17 16:17:01 UTC 2026","passed","Sun May 17 16:17:01 UTC 2026","TestResume","test_resumes","",""
"POST /universities/99999/assign-admin → 404.","219","test_p1_assign_admin_nonexistent_university","tests.api","Sun May 17 16:02:53 UTC 2026","passed","Sun May 17 16:02:53 UTC 2026","TestAuthAssignUniAdminP1","test_auth","",""
"","687","test_match_a_jd_json_against_all_existing_resume","tests.api","Sun May 17 16:02:29 UTC 2026","passed","Sun May 17 16:02:30 UTC 2026","TestAuthUniversity","test_auth","",""
"P0: Retrieve persisted match results for a JD.","232","test_get_stored_match_results","tests.api","Sun May 17 16:03:12 UTC 2026","passed","Sun May 17 16:03:12 UTC 2026","TestAuthStoredMatchResults","test_auth","",""
"DELETE /api/assessments/{id}/questions/99999 → 404.","245","test_p1_delete_question_nonexistent","tests.api","Sun May 17 16:03:05 UTC 2026","passed","Sun May 17 16:03:05 UTC 2026","TestAuthAssessmentQuestionsP1","test_auth","",""
"P1: GET /api/shortlist/1 without token → 401/403.","246","test_p1_get_shortlist_no_auth","tests.api","Sun May 17 16:03:14 UTC 2026","passed","Sun May 17 16:03:14 UTC 2026","TestAuthShortlistGetP1","test_auth","",""
"Create a draft assessment for lifecycle tests.","241","test_setup_create_for_lifecycle","tests.api","Sun May 17 16:03:47 UTC 2026","passed","Sun May 17 16:03:47 UTC 2026","TestAuthAssessmentLifecycle","test_auth","",""
"","312","test_popular_content","tests.api","Sun May 17 16:05:00 UTC 2026","passed","Sun May 17 16:05:00 UTC 2026","TestCoursesAnalytics","test_courses","",""
"GET /api/jd/99999/matches → 404.","218","test_p1_get_jd_matches_nonexistent","tests.api","Sun May 17 16:03:46 UTC 2026","passed","Sun May 17 16:03:46 UTC 2026","TestAuthJDExtended","test_auth","",""
"P0: GET /api/v1/it-journey/roles — list available IT roles.","255","test_get_it_journey_roles_list","tests.api","Sun May 17 16:06:06 UTC 2026","passed","Sun May 17 16:06:06 UTC 2026","TestJobsITJourney","test_jobs_endpoints","",""
"P1: GET /resumes/admin/users/99999/skills → 200 with empty skills (API returns empty result, not 404).","244","test_p1_admin_get_skills_nonexistent_user","tests.api","Sun May 17 16:17:10 UTC 2026","passed","Sun May 17 16:17:10 UTC 2026","TestResumeAdmin","test_resumes","",""
"POST /auth/api/jd/ingest/json without token → 401/403.","239","test_p1_ingest_jd_structured_no_auth","tests.api","Sun May 17 16:02:39 UTC 2026","passed","Sun May 17 16:02:40 UTC 2026","TestAuthUniversityP1","test_auth","",""
"P1: POST /me/background-check without token → 401.","263","test_p1_trigger_background_check_no_auth","tests.api","Sun May 17 16:06:24 UTC 2026","passed","Sun May 17 16:06:25 UTC 2026","TestMentorshipOnboarding","test_mentorship","",""
"P0: Publish an assessment.","214","test_publish_assessment","tests.api","Sun May 17 16:03:47 UTC 2026","failed","Sun May 17 16:03:47 UTC 2026","TestAuthAssessmentLifecycle","test_auth","",""
"","260","test_search_jobs","tests.api","Sun May 17 16:06:00 UTC 2026","passed","Sun May 17 16:06:00 UTC 2026","TestJobsReal","test_jobs_endpoints","",""
"","209","test_reject_university_invite","tests.api","Sun May 17 16:02:29 UTC 2026","passed","Sun May 17 16:02:29 UTC 2026","TestAuthUniversity","test_auth","",""
"P0: POST /v1/internal/idp-assessments/sessions — create an IDP assessment session.","222","test_create_internal_idp_assessment_session","tests.api","Sun May 17 16:16:50 UTC 2026","passed","Sun May 17 16:16:50 UTC 2026","TestQuizNewEndpoints","test_quiz","",""
"P0: Get my mentor skills.","233","test_my_mentor_skills","tests.api","Sun May 17 16:06:12 UTC 2026","passed","Sun May 17 16:06:13 UTC 2026","TestMentorshipSkills","test_mentorship","",""
"","300","test_get_conversation_history","tests.api","Sun May 17 16:05:31 UTC 2026","passed","Sun May 17 16:05:32 UTC 2026","TestAIInterview","test_interview","",""
"P1: DEL module without token → 401/403.","234","test_p1_delete_module_no_auth","tests.api","Sun May 17 16:05:21 UTC 2026","passed","Sun May 17 16:05:21 UTC 2026","TestCoursesNewEndpointsP1","test_courses","",""
"P1: PATCH update a structured JD.","302","test_update_jd","tests.api","Sun May 17 16:03:45 UTC 2026","passed","Sun May 17 16:03:46 UTC 2026","TestAuthJDExtended","test_auth","",""
"","915","test_get_my_evaluation","tests.api","Sun May 17 16:15:07 UTC 2026","passed","Sun May 17 16:15:07 UTC 2026","TestQuizAPIs","test_quiz","",""
"","236","test_update_lesson","tests.api","Sun May 17 16:04:52 UTC 2026","passed","Sun May 17 16:04:52 UTC 2026","TestCoursesLessons","test_courses","",""
"","345","test_create_bookmark","tests.api","Sun May 17 16:05:08 UTC 2026","passed","Sun May 17 16:05:08 UTC 2026","TestCoursesNotes","test_courses","",""
"GET /api/students/upcoming-assessments without token → 401.","344","test_p1_student_upcoming_no_auth","tests.api","Sun May 17 16:03:06 UTC 2026","passed","Sun May 17 16:03:06 UTC 2026","TestAuthStudentAssessmentsP1","test_auth","",""
"P1: POST /api/v1/resumes/builder/parse with empty → 422.","245","test_p1_builder_parse_empty","tests.api","Sun May 17 16:17:19 UTC 2026","passed","Sun May 17 16:17:19 UTC 2026","TestResumeNewEndpointsP1","test_resumes","",""
"","237","test_export_csv","tests.api","Sun May 17 16:03:53 UTC 2026","passed","Sun May 17 16:03:53 UTC 2026","TestAuthAssessmentsCRUD","test_auth","",""
"P0: Admin can update a university name.","225","test_update_university","tests.api","Sun May 17 16:03:09 UTC 2026","passed","Sun May 17 16:03:09 UTC 2026","TestAuthUniversityCRUD","test_auth","",""
"","1334","test_p1_vote_review_nonexistent","tests.api","Sun May 17 16:04:57 UTC 2026","passed","Sun May 17 16:04:59 UTC 2026","TestCoursesReviewsP1","test_courses","",""
"","430","test_list_university_groups","tests.api","Sun May 17 16:02:27 UTC 2026","passed","Sun May 17 16:02:28 UTC 2026","TestAuthUniversity","test_auth","",""
"P0: Root endpoint returns 200.","267","test_root","tests.api","Sun May 17 16:04:27 UTC 2026","passed","Sun May 17 16:04:27 UTC 2026","TestBillingHealth","test_billing","",""
"","302","test_p1_create_session_empty","tests.api","Sun May 17 16:16:48 UTC 2026","passed","Sun May 17 16:16:48 UTC 2026","TestQuizP1","test_quiz","",""
"P0: GET /v1/analyze/session/{id}/trends — session trends.","254","test_get_analyze_session_trends","tests.api","Sun May 17 16:05:50 UTC 2026","passed","Sun May 17 16:05:51 UTC 2026","TestInterviewNewEndpoints","test_interview","",""
"","318","test_get_assessment_p0","tests.api","Sun May 17 16:15:11 UTC 2026","passed","Sun May 17 16:15:11 UTC 2026","TestQuizAPIs","test_quiz","",""
"","224","test_delete_job","tests.api","Sun May 17 16:05:57 UTC 2026","passed","Sun May 17 16:05:58 UTC 2026","TestJobsReal","test_jobs_endpoints","",""
"","213","test_healthz","tests.api","Sun May 17 16:15:03 UTC 2026","passed","Sun May 17 16:15:03 UTC 2026","TestQuizAPIs","test_quiz","",""
"POST /auth/api/interview/schedule with empty body → 404/422.","218","test_p1_schedule_interview_empty_payload","tests.api","Sun May 17 16:02:42 UTC 2026","passed","Sun May 17 16:02:42 UTC 2026","TestAuthUniversityP1","test_auth","",""
"","222","test_end_assessment","tests.api","Sun May 17 16:15:12 UTC 2026","passed","Sun May 17 16:15:12 UTC 2026","TestQuizAPIs","test_quiz","",""
"","0","test_admin_flag_review","tests.api","Sun May 17 16:05:03 UTC 2026","skipped","Sun May 17 16:05:03 UTC 2026","TestCoursesAdmin","test_courses","",""
"","223","test_delete_assessment_p0","tests.api","Sun May 17 16:15:12 UTC 2026","passed","Sun May 17 16:15:12 UTC 2026","TestQuizAPIs","test_quiz","",""
"","430","test_delete_jd","tests.api","Sun May 17 16:04:05 UTC 2026","passed","Sun May 17 16:04:06 UTC 2026","TestAuthJDNewMethods","test_auth","",""
"","435","test_list_groups","tests.api","Sun May 17 16:04:14 UTC 2026","passed","Sun May 17 16:04:14 UTC 2026","TestAuthUniversities","test_auth","",""
"","429","test_create_assessment_session_p0","tests.api","Sun May 17 16:16:02 UTC 2026","passed","Sun May 17 16:16:02 UTC 2026","TestQuizAPIs","test_quiz","",""
"P0: Superadmin approves/rejects an add-user request.","215","test_process_add_user_request","tests.api","Sun May 17 16:03:37 UTC 2026","failed","Sun May 17 16:03:37 UTC 2026","TestAuthAddUserRequests","test_auth","",""
"","1383","test_ingest_a_jd_from_a_structured_json","tests.api","Sun May 17 16:02:30 UTC 2026","passed","Sun May 17 16:02:32 UTC 2026","TestAuthUniversity","test_auth","",""
"","570","test_p1_generate_mcq_empty","tests.api","Sun May 17 16:16:20 UTC 2026","passed","Sun May 17 16:16:20 UTC 2026","TestQuizP1","test_quiz","",""
"P1: POST /idp/generate-roadmap without required role → 422.","217","test_p1_idp_generate_roadmap_missing_role","tests.api","Sun May 17 16:03:34 UTC 2026","passed","Sun May 17 16:03:35 UTC 2026","TestAuthIDPP1","test_auth","",""
"","314","test_get_enrollment_progress","tests.api","Sun May 17 16:04:54 UTC 2026","passed","Sun May 17 16:04:54 UTC 2026","TestCoursesEnrollments","test_courses","",""
"","266","test_p1_del_user_no_auth","tests.api","Sun May 17 16:04:25 UTC 2026","passed","Sun May 17 16:04:25 UTC 2026","TestAuthNewP1","test_auth","",""
"","317","test_get_idp_assessment","tests.api","Sun May 17 16:04:09 UTC 2026","passed","Sun May 17 16:04:10 UTC 2026","TestAuthIDPAssessments","test_auth","",""
"P1: POST /v1/analyze/session/final-score with empty body → 422.","229","test_p1_final_score_empty","tests.api","Sun May 17 16:05:52 UTC 2026","passed","Sun May 17 16:05:52 UTC 2026","TestInterviewNewEndpointsP1","test_interview","",""
"","226","test_get_user_recommendations","tests.api","Sun May 17 16:05:44 UTC 2026","passed","Sun May 17 16:05:44 UTC 2026","TestAIInterview","test_interview","",""
"","268","test_instructor_dashboard","tests.api","Sun May 17 16:05:01 UTC 2026","passed","Sun May 17 16:05:02 UTC 2026","TestCoursesAnalytics","test_courses","",""
"","230","test_list_my_university_users","tests.api","Sun May 17 16:02:25 UTC 2026","passed","Sun May 17 16:02:25 UTC 2026","TestAuthUniversity","test_auth","",""
"","233","test_root","tests.api","Sun May 17 16:04:44 UTC 2026","passed","Sun May 17 16:04:44 UTC 2026","TestCoursesHealth","test_courses","",""
"P1: GET /api/v1/it-journey/constraints/FAKE → 404.","215","test_p1_get_constraints_nonexistent_session","tests.api","Sun May 17 16:06:08 UTC 2026","passed","Sun May 17 16:06:09 UTC 2026","TestJobsITJourneyP1","test_jobs_endpoints","",""
"","333","test_add_user_request","tests.api","Sun May 17 16:04:03 UTC 2026","passed","Sun May 17 16:04:03 UTC 2026","TestAuthCompanyExtended","test_auth","",""
"P0: POST /api/v1/subscriptions/{user_id}/grant.","311","test_grant_subscription","tests.api","Sun May 17 16:04:41 UTC 2026","passed","Sun May 17 16:04:41 UTC 2026","TestBillingNewEndpoints","test_billing","",""
"P0: Get questions for an assessment.","238","test_get_assessment_questions","tests.api","Sun May 17 16:03:03 UTC 2026","passed","Sun May 17 16:03:03 UTC 2026","TestAuthAssessmentQuestions","test_auth","",""
"","238","test_update_coding_question_pool_item_p0","tests.api","Sun May 17 16:15:13 UTC 2026","passed","Sun May 17 16:15:14 UTC 2026","TestQuizAPIs","test_quiz","",""
"P1: POST /api/matching/run/99999 → 404.","216","test_p1_run_matching_nonexistent_jd","tests.api","Sun May 17 16:03:12 UTC 2026","passed","Sun May 17 16:03:13 UTC 2026","TestAuthStoredMatchResultsP1","test_auth","",""
"","212","test_oauth_linkedin_authorize","tests.api","Sun May 17 16:02:14 UTC 2026","passed","Sun May 17 16:02:14 UTC 2026","TestAuthOther","test_auth","",""
"","224","test_put_company","tests.api","Sun May 17 16:04:04 UTC 2026","passed","Sun May 17 16:04:04 UTC 2026","TestAuthCompanyExtended","test_auth","",""
"P1: POST /idp/generate-roadmap-from-gap with missing required field → 422.","214","test_p1_idp_roadmap_from_gap_empty","tests.api","Sun May 17 16:03:35 UTC 2026","passed","Sun May 17 16:03:35 UTC 2026","TestAuthIDPP1","test_auth","",""
"P0: List active pricing entries (public).","263","test_list_pricing_entries","tests.api","Sun May 17 16:04:31 UTC 2026","passed","Sun May 17 16:04:32 UTC 2026","TestBillingPricing","test_billing","",""
"P1: Invite candidate by resume ID.","1752","test_invite_candidate_by_resume","tests.api","Sun May 17 16:03:40 UTC 2026","failed","Sun May 17 16:03:42 UTC 2026","TestAuthCompanyInvites","test_auth","",""
"P0: Get student assessment history.","222","test_student_assessment_history","tests.api","Sun May 17 16:03:05 UTC 2026","passed","Sun May 17 16:03:06 UTC 2026","TestAuthStudentAssessments","test_auth","",""
"","238","test_p1_instructor_dashboard_no_auth","tests.api","Sun May 17 16:05:02 UTC 2026","passed","Sun May 17 16:05:02 UTC 2026","TestCoursesAnalyticsP1","test_courses","",""
"","290","test_get_user_history","tests.api","Sun May 17 16:05:44 UTC 2026","passed","Sun May 17 16:05:44 UTC 2026","TestAIInterview","test_interview","",""
"","233","test_p1_create_course_no_auth","tests.api","Sun May 17 16:04:47 UTC 2026","passed","Sun May 17 16:04:47 UTC 2026","TestCoursesCRUDP1","test_courses","",""
"POST /api/assessments/manual-create without token → 401.","441","test_p1_manual_create_assessment_no_auth","tests.api","Sun May 17 16:03:00 UTC 2026","passed","Sun May 17 16:03:00 UTC 2026","TestAuthAssessmentsP1","test_auth","",""
"","265","test_p1_update_nonexistent_course","tests.api","Sun May 17 16:04:48 UTC 2026","passed","Sun May 17 16:04:48 UTC 2026","TestCoursesCRUDP1","test_courses","",""
"P0: GET /health.","259","test_health_new","tests.api","Sun May 17 16:17:18 UTC 2026","passed","Sun May 17 16:17:18 UTC 2026","TestResumeNewEndpoints","test_resumes","",""
"","213","test_add_students","tests.api","Sun May 17 16:04:09 UTC 2026","passed","Sun May 17 16:04:09 UTC 2026","TestAuthClassrooms","test_auth","",""
"","287","test_analysis_health","tests.api","Sun May 17 16:05:42 UTC 2026","passed","Sun May 17 16:05:42 UTC 2026","TestAIInterview","test_interview","",""
"","244","test_create_lesson","tests.api","Sun May 17 16:04:52 UTC 2026","passed","Sun May 17 16:04:52 UTC 2026","TestCoursesLessons","test_courses","",""
"P1: PUT /wallet/controls without token → 401/403.","245","test_p1_update_controls_no_auth","tests.api","Sun May 17 16:04:31 UTC 2026","passed","Sun May 17 16:04:31 UTC 2026","TestBillingWallet","test_billing","",""
"POST /api/jd/create without token → 401/403.","233","test_p1_create_jd_no_auth","tests.api","Sun May 17 16:02:54 UTC 2026","passed","Sun May 17 16:02:55 UTC 2026","TestAuthJDCreateP1","test_auth","",""
"","221","test_list_companies","tests.api","Sun May 17 16:05:55 UTC 2026","passed","Sun May 17 16:05:55 UTC 2026","TestJobsReal","test_jobs_endpoints","",""
"P0: GET /v1/mentors/{id}/subscription — get subscription status.","224","test_get_mentor_subscription","tests.api","Sun May 17 16:06:27 UTC 2026","passed","Sun May 17 16:06:27 UTC 2026","TestMentorshipNewEndpoints","test_mentorship","",""
"","299","test_p1_bookmark_count_no_auth","tests.api","Sun May 17 16:05:11 UTC 2026","passed","Sun May 17 16:05:11 UTC 2026","TestCoursesNotesP1","test_courses","",""
"","215","test_p1_enroll_missing_course_id","tests.api","Sun May 17 16:04:55 UTC 2026","passed","Sun May 17 16:04:55 UTC 2026","TestCoursesEnrollmentsP1","test_courses","",""
"P1: POST /v1/tests/schedule with empty body → 422.","217","test_p1_schedule_test_empty","tests.api","Sun May 17 16:06:33 UTC 2026","passed","Sun May 17 16:06:33 UTC 2026","TestMentorshipNewEndpointsP1","test_mentorship","",""
"P1: DELETE /me/mentee/goals/99999 → 204 (idempotent) or 404.","222","test_p1_delete_goal_nonexistent","tests.api","Sun May 17 16:06:14 UTC 2026","passed","Sun May 17 16:06:14 UTC 2026","TestMentorshipSkills","test_mentorship","",""
"","230","test_update_job","tests.api","Sun May 17 16:05:57 UTC 2026","passed","Sun May 17 16:05:57 UTC 2026","TestJobsReal","test_jobs_endpoints","",""
"","269","test_list_coding_questions_pool","tests.api","Sun May 17 16:15:13 UTC 2026","passed","Sun May 17 16:15:13 UTC 2026","TestQuizAPIs","test_quiz","",""
"","683","test_get_evaluation_by_type","tests.api","Sun May 17 16:15:07 UTC 2026","passed","Sun May 17 16:15:08 UTC 2026","TestQuizAPIs","test_quiz","",""
"P0: List active credit packs (public).","210","test_list_credit_packs","tests.api","Sun May 17 16:04:32 UTC 2026","passed","Sun May 17 16:04:32 UTC 2026","TestBillingPricing","test_billing","",""
"Login with empty body → 422 (validation error).","361","test_p1_login_empty_payload","tests.api","Sun May 17 16:02:11 UTC 2026","passed","Sun May 17 16:02:11 UTC 2026","TestAuthPublicP1","test_auth","",""
"","566","test_p1_idp_save_empty","tests.api","Sun May 17 16:04:21 UTC 2026","passed","Sun May 17 16:04:22 UTC 2026","TestAuthNewP1","test_auth","",""
"P1: GET /api/v1/questions/FAKE → 404.","220","test_p1_get_question_nonexistent","tests.api","Sun May 17 16:05:24 UTC 2026","passed","Sun May 17 16:05:24 UTC 2026","TestCoursesNewEndpointsP1","test_courses","",""
"P0: Get background check status.","318","test_get_background_check","tests.api","Sun May 17 16:06:24 UTC 2026","passed","Sun May 17 16:06:24 UTC 2026","TestMentorshipOnboarding","test_mentorship","",""
"P1: GET /v1/sessions/1 without token → 401/403.","346","test_p1_get_session_no_auth","tests.api","Sun May 17 16:16:58 UTC 2026","passed","Sun May 17 16:16:58 UTC 2026","TestQuizNewEndpointsP1","test_quiz","",""
"P0: Delete a user by ID (admin only).","2030","test_delete_user","tests.api","Sun May 17 16:02:50 UTC 2026","passed","Sun May 17 16:02:52 UTC 2026","TestAuthDeleteUser","test_auth","",""
"P0: Create availability in bulk.","217","test_create_availability_bulk","tests.api","Sun May 17 16:06:19 UTC 2026","passed","Sun May 17 16:06:19 UTC 2026","TestMentorshipAvailability","test_mentorship","",""
"","1194","test_p1_populate_java_questions_unauthorized","tests.api","Sun May 17 16:16:46 UTC 2026","passed","Sun May 17 16:16:47 UTC 2026","TestQuizP1","test_quiz","",""
"DELETE /auth/roles/99999 → 404.","240","test_p1_delete_nonexistent_role","tests.api","Sun May 17 16:02:24 UTC 2026","passed","Sun May 17 16:02:24 UTC 2026","TestAuthProtectedP1","test_auth","",""
"P1: GET /v1/me/notifications without token → 401.","231","test_p1_notifications_no_auth","tests.api","Sun May 17 16:06:33 UTC 2026","passed","Sun May 17 16:06:34 UTC 2026","TestMentorshipNewEndpointsP1","test_mentorship","",""
"P1: POST /v1/analyze/session/minute-score with empty body → 422.","224","test_p1_minute_score_empty","tests.api","Sun May 17 16:05:52 UTC 2026","passed","Sun May 17 16:05:52 UTC 2026","TestInterviewNewEndpointsP1","test_interview","",""
"P1: POST /pricing/entries with empty body → 422.","210","test_p1_create_pricing_entry_empty","tests.api","Sun May 17 16:04:32 UTC 2026","passed","Sun May 17 16:04:32 UTC 2026","TestBillingPricing","test_billing","",""
"P0: List wallet transactions.","429","test_list_transactions","tests.api","Sun May 17 16:04:28 UTC 2026","passed","Sun May 17 16:04:29 UTC 2026","TestBillingWallet","test_billing","",""
"P1: POST /api/v1/risk/accounts/99999/freeze → 404.","208","test_p1_freeze_nonexistent_user","tests.api","Sun May 17 16:04:42 UTC 2026","passed","Sun May 17 16:04:43 UTC 2026","TestBillingNewEndpointsP1","test_billing","",""
"","235","test_p1_update_module_nonexistent","tests.api","Sun May 17 16:04:52 UTC 2026","passed","Sun May 17 16:04:52 UTC 2026","TestCoursesModulesP1","test_courses","",""
"P0: GET /api/v1/it-journey/constraints/{session_id}.","217","test_get_it_journey_constraints","tests.api","Sun May 17 16:06:07 UTC 2026","passed","Sun May 17 16:06:07 UTC 2026","TestJobsITJourney","test_jobs_endpoints","",""
"P0: POST /api/v1/payments/razorpay/order — create razorpay order.","209","test_create_razorpay_order","tests.api","Sun May 17 16:04:39 UTC 2026","failed","Sun May 17 16:04:39 UTC 2026","TestBillingNewEndpoints","test_billing","",""
"","219","test_get_a_company_profile_by_id","tests.api","Sun May 17 16:02:46 UTC 2026","passed","Sun May 17 16:02:47 UTC 2026","TestAuthUniversityP1","test_auth","",""
"","2299","test_start_interview_with_job","tests.api","Sun May 17 16:05:29 UTC 2026","passed","Sun May 17 16:05:31 UTC 2026","TestAIInterview","test_interview","",""
"","232","test_delete_coding_question_pool_item_p0","tests.api","Sun May 17 16:15:14 UTC 2026","passed","Sun May 17 16:15:14 UTC 2026","TestQuizAPIs","test_quiz","",""
"P1: List pending add-user requests.","214","test_list_add_user_requests","tests.api","Sun May 17 16:03:37 UTC 2026","skipped","Sun May 17 16:03:37 UTC 2026","TestAuthAddUserRequests","test_auth","",""
"","237","test_delete_note","tests.api","Sun May 17 16:05:08 UTC 2026","passed","Sun May 17 16:05:08 UTC 2026","TestCoursesNotes","test_courses","",""
"P1: POST /me/mentor/availability with empty body → 422 or 403.","275","test_p1_create_availability_empty","tests.api","Sun May 17 16:06:19 UTC 2026","passed","Sun May 17 16:06:19 UTC 2026","TestMentorshipAvailability","test_mentorship","",""
"","1526","test_auth_docs","tests.api","Sun May 17 16:02:02 UTC 2026","passed","Sun May 17 16:02:04 UTC 2026","","test_auth","",""
"","218","test_create_roles","tests.api","Sun May 17 16:02:20 UTC 2026","passed","Sun May 17 16:02:20 UTC 2026","TestAuthProtected","test_auth","",""
"","667","test_root","tests.api","Sun May 17 16:02:16 UTC 2026","passed","Sun May 17 16:02:17 UTC 2026","TestAuthOther","test_auth","",""
"","221","test_p1_delete_note_nonexistent","tests.api","Sun May 17 16:05:10 UTC 2026","passed","Sun May 17 16:05:10 UTC 2026","TestCoursesNotesP1","test_courses","",""
"POST /auth/api/interview/schedule without token → 401/403.","280","test_p1_schedule_interview_no_auth","tests.api","Sun May 17 16:02:41 UTC 2026","passed","Sun May 17 16:02:42 UTC 2026","TestAuthUniversityP1","test_auth","",""
"","228","test_p1_submit_review_missing_rating","tests.api","Sun May 17 16:04:57 UTC 2026","passed","Sun May 17 16:04:57 UTC 2026","TestCoursesReviewsP1","test_courses","",""
"","244","test_create_university_group","tests.api","Sun May 17 16:02:28 UTC 2026","passed","Sun May 17 16:02:28 UTC 2026","TestAuthUniversity","test_auth","",""
"","218","test_get_company","tests.api","Sun May 17 16:05:55 UTC 2026","passed","Sun May 17 16:05:55 UTC 2026","TestJobsReal","test_jobs_endpoints","",""
"","218","test_remove_group_member","tests.api","Sun May 17 16:04:15 UTC 2026","passed","Sun May 17 16:04:15 UTC 2026","TestAuthUniversities","test_auth","",""
"GET /api/students/results without token → 401.","288","test_p1_student_results_no_auth","tests.api","Sun May 17 16:03:07 UTC 2026","passed","Sun May 17 16:03:07 UTC 2026","TestAuthStudentAssessmentsP1","test_auth","",""
"P1: POST /v1/me/experiences with empty body → 422.","263","test_p1_create_experience_empty","tests.api","Sun May 17 16:06:31 UTC 2026","passed","Sun May 17 16:06:31 UTC 2026","TestMentorshipNewEndpointsP1","test_mentorship","",""
"","252","test_p1_update_course_no_auth","tests.api","Sun May 17 16:04:48 UTC 2026","passed","Sun May 17 16:04:48 UTC 2026","TestCoursesCRUDP1","test_courses","",""
"GET /api/shortlist/99999/enhanced → 404 or empty.","218","test_p1_enhanced_shortlist_nonexistent_jd","tests.api","Sun May 17 16:03:46 UTC 2026","passed","Sun May 17 16:03:47 UTC 2026","TestAuthShortlistEnhanced","test_auth","",""
"","1618","test_recommend_jobs","tests.api","Sun May 17 16:05:58 UTC 2026","passed","Sun May 17 16:06:00 UTC 2026","TestJobsReal","test_jobs_endpoints","",""
"P1: POST /api/v1/progress/lessons/{id}/complete without token → 401/403.","232","test_p1_complete_lesson_no_auth","tests.api","Sun May 17 16:05:23 UTC 2026","passed","Sun May 17 16:05:23 UTC 2026","TestCoursesNewEndpointsP1","test_courses","",""
"P1: POST /sessions/99999/review → 404.","268","test_p1_create_review_nonexistent","tests.api","Sun May 17 16:06:22 UTC 2026","passed","Sun May 17 16:06:22 UTC 2026","TestMentorshipSessions","test_mentorship","",""
"P0: GET /v1/me/current-mentor — get current mentor.","270","test_get_my_current_mentor","tests.api","Sun May 17 16:06:26 UTC 2026","passed","Sun May 17 16:06:26 UTC 2026","TestMentorshipNewEndpoints","test_mentorship","",""
"","228","test_list_users","tests.api","Sun May 17 16:02:29 UTC 2026","passed","Sun May 17 16:02:29 UTC 2026","TestAuthUniversity","test_auth","",""
"","366","test_practice_questions","tests.api","Sun May 17 16:05:12 UTC 2026","passed","Sun May 17 16:05:13 UTC 2026","TestCoursesQuizzes","test_courses","",""
"","271","test_p1_create_question_missing_fields","tests.api","Sun May 17 16:05:13 UTC 2026","passed","Sun May 17 16:05:14 UTC 2026","TestCoursesQuizzesP1","test_courses","",""
"P1: Get my specific IDP.","322","test_idp_get_my_idp","tests.api","Sun May 17 16:03:50 UTC 2026","passed","Sun May 17 16:03:51 UTC 2026","TestAuthIDPCRUD","test_auth","",""
"P0: Get my calendar.","296","test_get_my_calendar","tests.api","Sun May 17 16:06:20 UTC 2026","passed","Sun May 17 16:06:20 UTC 2026","TestMentorshipAvailability","test_mentorship","",""
"P0: List my availability slots (requires mentor role → may 403).","247","test_list_my_availability","tests.api","Sun May 17 16:06:18 UTC 2026","passed","Sun May 17 16:06:18 UTC 2026","TestMentorshipAvailability","test_mentorship","",""
"","231","test_accept_invite","tests.api","Sun May 17 16:04:02 UTC 2026","passed","Sun May 17 16:04:03 UTC 2026","TestAuthCompanyExtended","test_auth","",""
"P1: POST /api/v1/payments/razorpay/order with empty body → 422.","315","test_p1_razorpay_order_empty","tests.api","Sun May 17 16:04:41 UTC 2026","failed","Sun May 17 16:04:42 UTC 2026","TestBillingNewEndpointsP1","test_billing","",""
"P0: Delete company group.","438","test_delete_company_group","tests.api","Sun May 17 16:03:39 UTC 2026","passed","Sun May 17 16:03:40 UTC 2026","TestAuthCompanyGroups","test_auth","",""
"POST /auth/universities/my/pending-invites/accept for already accepted invite.","266","test_p1_accept_already_accepted_invite","tests.api","Sun May 17 16:02:36 UTC 2026","passed","Sun May 17 16:02:36 UTC 2026","TestAuthUniversityP1","test_auth","",""
"POST /auth/api/company/profile without token → 401/403.","1042","test_p1_create_company_no_auth","tests.api","Sun May 17 16:02:45 UTC 2026","passed","Sun May 17 16:02:46 UTC 2026","TestAuthUniversityP1","test_auth","",""
"P1: GET /api/v1/resumes/admin/users/1/skills without token → 401/403.","287","test_p1_admin_user_skills_no_auth","tests.api","Sun May 17 16:17:21 UTC 2026","passed","Sun May 17 16:17:21 UTC 2026","TestResumeNewEndpointsP1","test_resumes","",""
"P1: GET /api/matching/results/1 without token → 401/403.","257","test_p1_get_stored_results_no_auth","tests.api","Sun May 17 16:03:13 UTC 2026","passed","Sun May 17 16:03:13 UTC 2026","TestAuthStoredMatchResultsP1","test_auth","",""
"","216","test_start","tests.api","Sun May 17 16:03:56 UTC 2026","passed","Sun May 17 16:03:56 UTC 2026","TestAuthAssessmentsCRUD","test_auth","",""
"","522","test_submit","tests.api","Sun May 17 16:03:56 UTC 2026","passed","Sun May 17 16:03:57 UTC 2026","TestAuthAssessmentsCRUD","test_auth","",""
"P0: Admin can fetch skills for a known user (user_id=1).","363","test_admin_get_user_skills","tests.api","Sun May 17 16:17:10 UTC 2026","passed","Sun May 17 16:17:10 UTC 2026","TestResumeAdmin","test_resumes","",""
"P1: POST /v1/internal/idp-assessments/sessions with empty body → 422.","222","test_p1_create_idp_session_empty","tests.api","Sun May 17 16:16:55 UTC 2026","failed","Sun May 17 16:16:55 UTC 2026","TestQuizNewEndpointsP1","test_quiz","",""
"P1: POST /api/assessments/ai-add-questions with empty body → 422.","432","test_p1_ai_add_questions_empty","tests.api","Sun May 17 16:03:14 UTC 2026","passed","Sun May 17 16:03:15 UTC 2026","TestAuthAIAddQuestionsP1","test_auth","",""
"POST /auth/universities without token → 401/403.","237","test_p1_create_university_no_auth","tests.api","Sun May 17 16:02:33 UTC 2026","passed","Sun May 17 16:02:33 UTC 2026","TestAuthUniversityP1","test_auth","",""
"","425","test_add_role_to_user","tests.api","Sun May 17 16:02:19 UTC 2026","passed","Sun May 17 16:02:19 UTC 2026","TestAuthProtected","test_auth","",""
"P1: Generate PDF for lifecycle assessment.","498","test_generate_pdf_result_lifecycle","tests.api","Sun May 17 16:03:49 UTC 2026","passed","Sun May 17 16:03:49 UTC 2026","TestAuthAssessmentLifecycle","test_auth","",""
"P1: GET /v1/sessions/me/skill-scores without token → 401/403.","270","test_p1_get_session_skill_scores_no_auth","tests.api","Sun May 17 16:16:56 UTC 2026","passed","Sun May 17 16:16:57 UTC 2026","TestQuizNewEndpointsP1","test_quiz","",""
"P1: GET /api/v1/tenants/99999/wallet/balance → 404.","207","test_p1_tenant_balance_nonexistent","tests.api","Sun May 17 16:04:43 UTC 2026","passed","Sun May 17 16:04:43 UTC 2026","TestBillingNewEndpointsP1","test_billing","",""
"POST /auth/universities with empty name → 422.","446","test_p1_create_university_empty_name","tests.api","Sun May 17 16:02:32 UTC 2026","passed","Sun May 17 16:02:33 UTC 2026","TestAuthUniversityP1","test_auth","",""
"","216","test_students_results","tests.api","Sun May 17 16:03:57 UTC 2026","passed","Sun May 17 16:03:57 UTC 2026","TestAuthAssessmentsCRUD","test_auth","",""
"P1: GET /mentors/99999/profile → 404 or empty 200.","341","test_p1_get_mentor_profile_nonexistent","tests.api","Sun May 17 16:06:18 UTC 2026","passed","Sun May 17 16:06:18 UTC 2026","TestMentorshipDiscovery","test_mentorship","",""
"P1: GET /admin/audit-dashboard without token → 401/403.","235","test_p1_audit_dashboard_no_auth","tests.api","Sun May 17 16:04:34 UTC 2026","passed","Sun May 17 16:04:35 UTC 2026","TestBillingAdmin","test_billing","",""
"POST /api/assessments/manual-create with empty body → 422.","218","test_p1_manual_create_assessment_empty","tests.api","Sun May 17 16:03:00 UTC 2026","passed","Sun May 17 16:03:00 UTC 2026","TestAuthAssessmentsP1","test_auth","",""
"","419","test_post_question","tests.api","Sun May 17 16:03:54 UTC 2026","passed","Sun May 17 16:03:55 UTC 2026","TestAuthAssessmentsCRUD","test_auth","",""
"","218","test_week_start","tests.api","Sun May 17 16:04:10 UTC 2026","passed","Sun May 17 16:04:10 UTC 2026","TestAuthIDPAssessments","test_auth","",""
"P0: Internal endpoint returns list of active user IDs.","229","test_list_active_user_ids_internal","tests.api","Sun May 17 16:03:11 UTC 2026","passed","Sun May 17 16:03:11 UTC 2026","TestAuthInternalUserIds","test_auth","",""
"POST process for request 99999 → 404.","214","test_p1_process_nonexistent_request","tests.api","Sun May 17 16:03:37 UTC 2026","passed","Sun May 17 16:03:38 UTC 2026","TestAuthAddUserRequests","test_auth","",""
"P0: Generate PDF result for an assessment.","238","test_generate_pdf_result","tests.api","Sun May 17 16:03:15 UTC 2026","passed","Sun May 17 16:03:15 UTC 2026","TestAuthGeneratePdfResult","test_auth","",""
"POST /auth/register without password → 422.","861","test_p1_register_missing_password","tests.api","Sun May 17 16:02:07 UTC 2026","passed","Sun May 17 16:02:08 UTC 2026","TestAuthPublicP1","test_auth","",""
"","551","test_enroll_in_course","tests.api","Sun May 17 16:04:53 UTC 2026","passed","Sun May 17 16:04:54 UTC 2026","TestCoursesEnrollments","test_courses","",""
"","222","test_average_completion_rates","tests.api","Sun May 17 16:04:59 UTC 2026","passed","Sun May 17 16:04:59 UTC 2026","TestCoursesAnalytics","test_courses","",""
"","233","test_p1_get_progress_nonexistent","tests.api","Sun May 17 16:04:55 UTC 2026","passed","Sun May 17 16:04:55 UTC 2026","TestCoursesEnrollmentsP1","test_courses","",""
"","224","test_idp_save","tests.api","Sun May 17 16:04:11 UTC 2026","passed","Sun May 17 16:04:11 UTC 2026","TestAuthIDPAssessments","test_auth","",""
"P0: GET /api/v1/resumes/{id}/analysis.","244","test_get_resume_analysis_new","tests.api","Sun May 17 16:17:17 UTC 2026","passed","Sun May 17 16:17:17 UTC 2026","TestResumeNewEndpoints","test_resumes","",""
"","218","test_put_question","tests.api","Sun May 17 16:03:55 UTC 2026","passed","Sun May 17 16:03:55 UTC 2026","TestAuthAssessmentsCRUD","test_auth","",""
"P1: POST /admin/dead-usage-queue/99999/retry → 404.","213","test_p1_retry_nonexistent_event","tests.api","Sun May 17 16:04:37 UTC 2026","passed","Sun May 17 16:04:37 UTC 2026","TestBillingAdmin","test_billing","",""
"P0: GET /api/v1/resumes/admin/users/{id}/skills — admin gets user skills.","221","test_admin_get_user_skills_new","tests.api","Sun May 17 16:17:14 UTC 2026","passed","Sun May 17 16:17:14 UTC 2026","TestResumeNewEndpoints","test_resumes","",""
"P0: POST /v1/me/experiences — add an experience.","263","test_create_experience","tests.api","Sun May 17 16:06:26 UTC 2026","passed","Sun May 17 16:06:26 UTC 2026","TestMentorshipNewEndpoints","test_mentorship","",""
"P1: POST /goals/99999/status-requests/99999/decision → 404 or 422.","215","test_p1_decide_goal_nonexistent","tests.api","Sun May 17 16:06:15 UTC 2026","passed","Sun May 17 16:06:15 UTC 2026","TestMentorshipSkills","test_mentorship","",""
"P0: POST /api/v1/it-journey/session — create an IT journey session.","256","test_create_it_journey_session","tests.api","Sun May 17 16:06:06 UTC 2026","passed","Sun May 17 16:06:06 UTC 2026","TestJobsITJourney","test_jobs_endpoints","",""
"P1: POST without token → 401/403.","232","test_p1_final_score_no_auth","tests.api","Sun May 17 16:05:52 UTC 2026","passed","Sun May 17 16:05:52 UTC 2026","TestInterviewNewEndpointsP1","test_interview","",""
"","214","test_p1_delete_coding_question_nonexistent","tests.api","Sun May 17 16:16:26 UTC 2026","passed","Sun May 17 16:16:26 UTC 2026","TestQuizP1","test_quiz","",""
"","237","test_healthz","tests.api","Sun May 17 16:04:45 UTC 2026","passed","Sun May 17 16:04:45 UTC 2026","TestCoursesHealth","test_courses","",""
"","225","test_get_audio_devices","tests.api","Sun May 17 16:05:44 UTC 2026","passed","Sun May 17 16:05:44 UTC 2026","TestAIInterview","test_interview","",""
"POST /api/company/99999/promote-admin/1 → 404.","242","test_p1_promote_admin_nonexistent_company","tests.api","Sun May 17 16:03:36 UTC 2026","passed","Sun May 17 16:03:37 UTC 2026","TestAuthCompanyAdmin","test_auth","",""
"","215","test_p1_get_assessment_nonexistent","tests.api","Sun May 17 16:16:24 UTC 2026","passed","Sun May 17 16:16:24 UTC 2026","TestQuizP1","test_quiz","",""
"P1: GET /me/calendar without token → 401.","278","test_p1_get_calendar_no_auth","tests.api","Sun May 17 16:06:20 UTC 2026","passed","Sun May 17 16:06:21 UTC 2026","TestMentorshipAvailability","test_mentorship","",""
"POST /auth/universities/my/pending-invites/accept for id 99999 → 404.","582","test_p1_accept_nonexistent_invite","tests.api","Sun May 17 16:02:34 UTC 2026","passed","Sun May 17 16:02:34 UTC 2026","TestAuthUniversityP1","test_auth","",""
"P1: POST /admin/bootstrap-free-credits with empty → should use default.","273","test_p1_bootstrap_empty","tests.api","Sun May 17 16:04:37 UTC 2026","passed","Sun May 17 16:04:37 UTC 2026","TestBillingAdmin","test_billing","",""
"","218","test_remove_group_member","tests.api","Sun May 17 16:03:58 UTC 2026","passed","Sun May 17 16:03:58 UTC 2026","TestAuthCompanyGroupsCRUD","test_auth","",""
"POST /v1/interview/start without token → 401/403.","237","test_p1_start_interview_no_auth","tests.api","Sun May 17 16:05:45 UTC 2026","passed","Sun May 17 16:05:46 UTC 2026","TestAIInterviewP1","test_interview","",""
"P0: Health check returns 200.","228","test_health","tests.api","Sun May 17 16:04:27 UTC 2026","passed","Sun May 17 16:04:27 UTC 2026","TestBillingHealth","test_billing","",""
"","320","test_p1_create_note_no_auth","tests.api","Sun May 17 16:05:09 UTC 2026","passed","Sun May 17 16:05:10 UTC 2026","TestCoursesNotesP1","test_courses","",""
"P1: POST /api/v1/course-reviews/99999/votes → 404.","234","test_p1_vote_review_nonexistent","tests.api","Sun May 17 16:05:22 UTC 2026","passed","Sun May 17 16:05:22 UTC 2026","TestCoursesNewEndpointsP1","test_courses","",""
"","2222","test_download_report","tests.api","Sun May 17 16:14:54 UTC 2026","failed","Sun May 17 16:14:56 UTC 2026","TestQuizAPIs","test_quiz","",""
"","224","test_start_assessment","tests.api","Sun May 17 16:15:12 UTC 2026","passed","Sun May 17 16:15:12 UTC 2026","TestQuizAPIs","test_quiz","",""
"","243","test_idp_mentees","tests.api","Sun May 17 16:04:11 UTC 2026","passed","Sun May 17 16:04:12 UTC 2026","TestAuthIDPAssessments","test_auth","",""
"","326","test_get_skills_from_a_specific_resume","tests.api","Sun May 17 16:17:00 UTC 2026","passed","Sun May 17 16:17:00 UTC 2026","TestResume","test_resumes","",""
"P0: POST /api/v1/risk/accounts/{user_id}/unfreeze.","316","test_unfreeze_account","tests.api","Sun May 17 16:04:40 UTC 2026","passed","Sun May 17 16:04:40 UTC 2026","TestBillingNewEndpoints","test_billing","",""
"","232","test_p1_submit_review_no_auth","tests.api","Sun May 17 16:04:56 UTC 2026","passed","Sun May 17 16:04:57 UTC 2026","TestCoursesReviewsP1","test_courses","",""
"","545","test_linkedin","tests.api","Sun May 17 16:02:14 UTC 2026","passed","Sun May 17 16:02:15 UTC 2026","TestAuthOther","test_auth","",""
"P0: GET /v1/sessions/{id}/idp — session IDP.","217","test_get_session_idp","tests.api","Sun May 17 16:06:29 UTC 2026","passed","Sun May 17 16:06:29 UTC 2026","TestMentorshipNewEndpoints","test_mentorship","",""
"","313","test_get_user_evaluation_by_id_admin_p0","tests.api","Sun May 17 16:15:10 UTC 2026","passed","Sun May 17 16:15:10 UTC 2026","TestQuizAPIs","test_quiz","",""
"P1: GET /v1/internal/skill-scores/99999 → 404 or empty.","262","test_p1_get_skill_scores_nonexistent_user","tests.api","Sun May 17 16:16:56 UTC 2026","failed","Sun May 17 16:16:56 UTC 2026","TestQuizNewEndpointsP1","test_quiz","",""
"","266","test_p1_update_assessment_nonexistent","tests.api","Sun May 17 16:16:24 UTC 2026","passed","Sun May 17 16:16:24 UTC 2026","TestQuizP1","test_quiz","",""
"P1: GET /api/v1/resumes/admin/fetch-all without token → 401/403.","312","test_p1_admin_fetch_all_no_auth","tests.api","Sun May 17 16:17:18 UTC 2026","passed","Sun May 17 16:17:19 UTC 2026","TestResumeNewEndpointsP1","test_resumes","",""
"GET /auth/universities/99999/groups → 200 empty or 404.","429","test_p1_list_university_groups_invalid_id","tests.api","Sun May 17 16:02:35 UTC 2026","passed","Sun May 17 16:02:35 UTC 2026","TestAuthUniversityP1","test_auth","",""
"P1: POST /me/roles without token → 401.","334","test_p1_update_roles_no_auth","tests.api","Sun May 17 16:06:24 UTC 2026","passed","Sun May 17 16:06:24 UTC 2026","TestMentorshipOnboarding","test_mentorship","",""
"","215","test_get_me","tests.api","Sun May 17 16:02:17 UTC 2026","passed","Sun May 17 16:02:17 UTC 2026","TestAuthProtected","test_auth","",""
"","244","test_remove_role_from_user","tests.api","Sun May 17 16:02:19 UTC 2026","passed","Sun May 17 16:02:19 UTC 2026","TestAuthProtected","test_auth","",""
"","1290","test_populate_java_questions","tests.api","Sun May 17 16:15:54 UTC 2026","passed","Sun May 17 16:15:56 UTC 2026","TestQuizAPIs","test_quiz","",""
"P0: GET /v1/mentors/{id}/ratings — mentor ratings.","217","test_get_mentor_ratings_new","tests.api","Sun May 17 16:06:27 UTC 2026","passed","Sun May 17 16:06:27 UTC 2026","TestMentorshipNewEndpoints","test_mentorship","",""
"","224","test_analyze_frame","tests.api","Sun May 17 16:05:42 UTC 2026","passed","Sun May 17 16:05:42 UTC 2026","TestAIInterview","test_interview","",""
"","273","test_p1_pending_invites_no_auth","tests.api","Sun May 17 16:04:19 UTC 2026","passed","Sun May 17 16:04:20 UTC 2026","TestAuthNewP1","test_auth","",""
"","218","test_list_university_group_members","tests.api","Sun May 17 16:02:28 UTC 2026","passed","Sun May 17 16:02:29 UTC 2026","TestAuthUniversity","test_auth","",""
"P0: Get assessment results.","247","test_get_assessment_results","tests.api","Sun May 17 16:02:59 UTC 2026","passed","Sun May 17 16:02:59 UTC 2026","TestAuthAssessments","test_auth","",""
"P1: PATCH /v1/me/experiences/99999 → 404.","218","test_p1_patch_experience_nonexistent","tests.api","Sun May 17 16:06:31 UTC 2026","passed","Sun May 17 16:06:31 UTC 2026","TestMentorshipNewEndpointsP1","test_mentorship","",""
"POST /auth/api/interview/schedule with bad date → 404/422.","217","test_p1_schedule_interview_invalid_date","tests.api","Sun May 17 16:02:42 UTC 2026","passed","Sun May 17 16:02:42 UTC 2026","TestAuthUniversityP1","test_auth","",""
"P0: DEL /api/v1/resumes/{id} — delete a resume (safe id).","251","test_delete_resume_new","tests.api","Sun May 17 16:17:18 UTC 2026","passed","Sun May 17 16:17:18 UTC 2026","TestResumeNewEndpoints","test_resumes","",""
"P0: GET /v1/me/experiences — list my experiences.","247","test_list_experiences","tests.api","Sun May 17 16:06:26 UTC 2026","passed","Sun May 17 16:06:26 UTC 2026","TestMentorshipNewEndpoints","test_mentorship","",""
"P1: Accept a company invite.","220","test_accept_company_invite","tests.api","Sun May 17 16:03:43 UTC 2026","passed","Sun May 17 16:03:43 UTC 2026","TestAuthCompanyInvites","test_auth","",""
"","234","test_p1_admin_review_queue_no_auth","tests.api","Sun May 17 16:05:03 UTC 2026","passed","Sun May 17 16:05:04 UTC 2026","TestCoursesAdminP1","test_courses","",""
"P0: GET /api/v1/lessons/{id}/bookmarks/count.","219","test_get_lesson_bookmarks_count","tests.api","Sun May 17 16:05:19 UTC 2026","passed","Sun May 17 16:05:19 UTC 2026","TestCoursesNewEndpoints","test_courses","",""
"","317","test_list_notes","tests.api","Sun May 17 16:05:07 UTC 2026","passed","Sun May 17 16:05:07 UTC 2026","TestCoursesNotes","test_courses","",""
"P0: Remove members from company group.","250","test_remove_company_group_members","tests.api","Sun May 17 16:03:39 UTC 2026","passed","Sun May 17 16:03:39 UTC 2026","TestAuthCompanyGroups","test_auth","",""
"","215","test_ingest_a_jd_json","tests.api","Sun May 17 16:02:30 UTC 2026","passed","Sun May 17 16:02:30 UTC 2026","TestAuthUniversity","test_auth","",""
"","10181","test_submit_reply","tests.api","Sun May 17 16:05:32 UTC 2026","passed","Sun May 17 16:05:42 UTC 2026","TestAIInterview","test_interview","",""
"","328","test_content_dropoff_rates","tests.api","Sun May 17 16:05:00 UTC 2026","passed","Sun May 17 16:05:01 UTC 2026","TestCoursesAnalytics","test_courses","",""
"","216","test_p1_role_nonexistent","tests.api","Sun May 17 16:04:22 UTC 2026","passed","Sun May 17 16:04:22 UTC 2026","TestAuthNewP1","test_auth","",""
"","226","test_reject_invite","tests.api","Sun May 17 16:04:03 UTC 2026","passed","Sun May 17 16:04:03 UTC 2026","TestAuthCompanyExtended","test_auth","",""
"P0: Add a skill to my mentor profile.","230","test_add_mentor_skill","tests.api","Sun May 17 16:06:13 UTC 2026","passed","Sun May 17 16:06:13 UTC 2026","TestMentorshipSkills","test_mentorship","",""
"P1: POST without token → 401.","255","test_p1_ai_add_questions_no_auth","tests.api","Sun May 17 16:03:15 UTC 2026","passed","Sun May 17 16:03:15 UTC 2026","TestAuthAIAddQuestionsP1","test_auth","",""
"","220","test_p1_update_lesson_nonexistent","tests.api","Sun May 17 16:04:53 UTC 2026","passed","Sun May 17 16:04:53 UTC 2026","TestCoursesLessonsP1","test_courses","",""
"P1: POST /v1/user/{id}/profile with empty body → 422 or accepts.","225","test_p1_post_user_profile_empty","tests.api","Sun May 17 16:05:53 UTC 2026","passed","Sun May 17 16:05:54 UTC 2026","TestInterviewNewEndpointsP1","test_interview","",""
"P0: Update current user's mentorship profile.","348","test_update_me","tests.api","Sun May 17 16:06:10 UTC 2026","passed","Sun May 17 16:06:11 UTC 2026","TestMentorshipProfile","test_mentorship","",""
"","231","test_p1_create_quiz_no_auth","tests.api","Sun May 17 16:05:14 UTC 2026","passed","Sun May 17 16:05:14 UTC 2026","TestCoursesQuizzesP1","test_courses","",""
"","226","test_list_admin_requests","tests.api","Sun May 17 16:04:07 UTC 2026","passed","Sun May 17 16:04:07 UTC 2026","TestAuthClassrooms","test_auth","",""
"POST /auth/universities/{id}/invites/bulk with empty list → 400/422.","242","test_p1_bulk_invite_empty_list","tests.api","Sun May 17 16:02:34 UTC 2026","passed","Sun May 17 16:02:34 UTC 2026","TestAuthUniversityP1","test_auth","",""
"P0: GET /api/v1/enrollments/{id}/progress.","332","test_get_enrollment_progress_new","tests.api","Sun May 17 16:05:17 UTC 2026","passed","Sun May 17 16:05:18 UTC 2026","TestCoursesNewEndpoints","test_courses","",""
"P1: POST /api/v1/resumes/99999/re-analyze → 404.","248","test_p1_re_analyze_nonexistent","tests.api","Sun May 17 16:17:20 UTC 2026","passed","Sun May 17 16:17:21 UTC 2026","TestResumeNewEndpointsP1","test_resumes","",""
"POST /v1/interview/suggest-roles with empty body → 422.","241","test_p1_suggest_roles_empty_payload","tests.api","Sun May 17 16:05:46 UTC 2026","passed","Sun May 17 16:05:47 UTC 2026","TestAIInterviewP1","test_interview","",""
"GET /auth/api/company/99999 → 404.","1089","test_p1_get_nonexistent_company","tests.api","Sun May 17 16:02:47 UTC 2026","passed","Sun May 17 16:02:48 UTC 2026","TestAuthUniversityP1","test_auth","",""
"POST /auth/api/matching/run as regular user → 403.","216","test_p1_match_jd_without_permission","tests.api","Sun May 17 16:02:39 UTC 2026","passed","Sun May 17 16:02:39 UTC 2026","TestAuthUniversityP1","test_auth","",""
"P0: POST /api/v1/progress/lessons/{id}/complete.","223","test_complete_lesson_progress","tests.api","Sun May 17 16:05:19 UTC 2026","failed","Sun May 17 16:05:20 UTC 2026","TestCoursesNewEndpoints","test_courses","",""
"","316","test_export_resume_pdf","tests.api","Sun May 17 16:17:05 UTC 2026","passed","Sun May 17 16:17:05 UTC 2026","TestResume","test_resumes","",""
"P1: GET /v1/superadmin/mentors/by-email without token → 401.","0","test_p1_superadmin_no_auth","tests.api","Sun May 17 16:06:34 UTC 2026","broken","Sun May 17 16:06:34 UTC 2026","TestMentorshipNewEndpointsP1","test_mentorship","",""
"POST /universities/{id}/assign-admin without token → 401.","289","test_p1_assign_admin_no_auth","tests.api","Sun May 17 16:02:53 UTC 2026","passed","Sun May 17 16:02:53 UTC 2026","TestAuthAssignUniAdminP1","test_auth","",""
"P0: DEL /api/v1/notes/{id}.","219","test_delete_note_by_id","tests.api","Sun May 17 16:05:20 UTC 2026","passed","Sun May 17 16:05:21 UTC 2026","TestCoursesNewEndpoints","test_courses","",""
"P0: GET /v1/evaluations/admin/user/{id} — admin gets user evals.","412","test_get_evaluations_admin_by_user","tests.api","Sun May 17 16:16:51 UTC 2026","passed","Sun May 17 16:16:52 UTC 2026","TestQuizNewEndpoints","test_quiz","",""
"","17978","test_get_python_questions","tests.api","Sun May 17 16:15:17 UTC 2026","passed","Sun May 17 16:15:35 UTC 2026","TestQuizAPIs","test_quiz","",""
"","375","test_trigger_re_analysis","tests.api","Sun May 17 16:17:01 UTC 2026","passed","Sun May 17 16:17:02 UTC 2026","TestResume","test_resumes","",""
"","572","test_p1_evaluate_aptitude_empty","tests.api","Sun May 17 16:16:19 UTC 2026","passed","Sun May 17 16:16:19 UTC 2026","TestQuizP1","test_quiz","",""
"P0: GET /api/v1/resumes/admin/fetch-all — admin fetches all resumes.","2311","test_admin_fetch_all_resumes","tests.api","Sun May 17 16:17:11 UTC 2026","passed","Sun May 17 16:17:13 UTC 2026","TestResumeNewEndpoints","test_resumes","",""
"","221","test_search_notes","tests.api","Sun May 17 16:05:07 UTC 2026","passed","Sun May 17 16:05:07 UTC 2026","TestCoursesNotes","test_courses","",""
"POST /v1/interview/reply with empty body → 422.","232","test_p1_submit_reply_empty_payload","tests.api","Sun May 17 16:05:47 UTC 2026","passed","Sun May 17 16:05:47 UTC 2026","TestAIInterviewP1","test_interview","",""
"P0: DEL /api/v1/courses/{id} — delete a course (safe ID).","277","test_delete_course_safe","tests.api","Sun May 17 16:05:15 UTC 2026","passed","Sun May 17 16:05:16 UTC 2026","TestCoursesNewEndpoints","test_courses","",""
"","217","test_delete_group_safe","tests.api","Sun May 17 16:04:14 UTC 2026","passed","Sun May 17 16:04:15 UTC 2026","TestAuthUniversities","test_auth","",""
"","214","test_p1_generate_mcq_endpoint_empty","tests.api","Sun May 17 16:16:48 UTC 2026","passed","Sun May 17 16:16:48 UTC 2026","TestQuizP1","test_quiz","",""
"P0: GET /api/v1/courses/{id}/content — course content.","229","test_get_course_content_new","tests.api","Sun May 17 16:05:17 UTC 2026","passed","Sun May 17 16:05:17 UTC 2026","TestCoursesNewEndpoints","test_courses","",""
"P1: GET /v1/analyze/session/FAKE/metrics → 404.","229","test_p1_session_metrics_nonexistent","tests.api","Sun May 17 16:05:53 UTC 2026","passed","Sun May 17 16:05:53 UTC 2026","TestInterviewNewEndpointsP1","test_interview","",""
"POST /auth/api/matching/run with empty body → 422.","242","test_p1_match_jd_empty_payload","tests.api","Sun May 17 16:02:38 UTC 2026","passed","Sun May 17 16:02:39 UTC 2026","TestAuthUniversityP1","test_auth","",""
"","704","test_generate_aptitude","tests.api","Sun May 17 16:06:34 UTC 2026","passed","Sun May 17 16:06:35 UTC 2026","TestQuizAPIs","test_quiz","",""
"P1: POST /sessions without token → 401.","262","test_p1_book_session_no_auth","tests.api","Sun May 17 16:06:21 UTC 2026","passed","Sun May 17 16:06:22 UTC 2026","TestMentorshipSessions","test_mentorship","",""
"P1: GET /resumes/99999/analysis → 404.","217","test_p1_get_analysis_nonexistent","tests.api","Sun May 17 16:17:07 UTC 2026","passed","Sun May 17 16:17:07 UTC 2026","TestResumeP1","test_resumes","",""
"P1: GET without token → 401/403.","289","test_p1_get_skill_scores_no_auth","tests.api","Sun May 17 16:16:56 UTC 2026","passed","Sun May 17 16:16:56 UTC 2026","TestQuizNewEndpointsP1","test_quiz","",""
"","388","test_create_company","tests.api","Sun May 17 16:05:55 UTC 2026","passed","Sun May 17 16:05:55 UTC 2026","TestJobsReal","test_jobs_endpoints","",""
"GET /api/jd/ without token → 401/403.","252","test_p1_list_jds_no_auth","tests.api","Sun May 17 16:03:46 UTC 2026","passed","Sun May 17 16:03:46 UTC 2026","TestAuthJDExtended","test_auth","",""
"P1: DEL /v1/me/avatar without token → 401.","230","test_p1_delete_avatar_no_auth","tests.api","Sun May 17 16:06:31 UTC 2026","passed","Sun May 17 16:06:31 UTC 2026","TestMentorshipNewEndpointsP1","test_mentorship","",""
"P1: GET /api/v1/resumes/admin/99999 → 404.","220","test_p1_admin_resume_nonexistent","tests.api","Sun May 17 16:17:19 UTC 2026","passed","Sun May 17 16:17:19 UTC 2026","TestResumeNewEndpointsP1","test_resumes","",""
"","286","test_p1_get_content_no_auth","tests.api","Sun May 17 16:04:49 UTC 2026","passed","Sun May 17 16:04:49 UTC 2026","TestCoursesCRUDP1","test_courses","",""
"","1448","test_get_mcq_history","tests.api","Sun May 17 16:16:00 UTC 2026","passed","Sun May 17 16:16:01 UTC 2026","TestQuizAPIs","test_quiz","",""
"P0: Update a draft assessment.","260","test_update_assessment","tests.api","Sun May 17 16:02:59 UTC 2026","passed","Sun May 17 16:02:59 UTC 2026","TestAuthAssessments","test_auth","",""
"","253","test_p1_search_no_auth","tests.api","Sun May 17 16:05:05 UTC 2026","passed","Sun May 17 16:05:05 UTC 2026","TestCoursesSearchP1","test_courses","",""
"","213","test_accept_university_invite","tests.api","Sun May 17 16:02:29 UTC 2026","passed","Sun May 17 16:02:29 UTC 2026","TestAuthUniversity","test_auth","",""
"","347","test_search_suggestions","tests.api","Sun May 17 16:05:04 UTC 2026","passed","Sun May 17 16:05:05 UTC 2026","TestCoursesSearch","test_courses","",""
"GET /auth/users without token → 401/403.","1184","test_p1_list_users_no_auth","tests.api","Sun May 17 16:02:37 UTC 2026","passed","Sun May 17 16:02:38 UTC 2026","TestAuthUniversityP1","test_auth","",""
"P0: Generate a learning roadmap for a role.","3608","test_idp_generate_roadmap","tests.api","Sun May 17 16:03:20 UTC 2026","passed","Sun May 17 16:03:23 UTC 2026","TestAuthIDP","test_auth","",""
"","18217","test_populate_python_questions","tests.api","Sun May 17 16:15:36 UTC 2026","passed","Sun May 17 16:15:54 UTC 2026","TestQuizAPIs","test_quiz","",""
"P1: POST /api/v1/modules/{id}/lessons with empty body → 422.","216","test_p1_create_module_lesson_empty","tests.api","Sun May 17 16:05:23 UTC 2026","passed","Sun May 17 16:05:24 UTC 2026","TestCoursesNewEndpointsP1","test_courses","",""
"GET /v1/user/{id}/history without token → 401/403.","280","test_p1_get_user_history_no_auth","tests.api","Sun May 17 16:05:46 UTC 2026","passed","Sun May 17 16:05:46 UTC 2026","TestAIInterviewP1","test_interview","",""
"","215","test_week_finalize","tests.api","Sun May 17 16:04:10 UTC 2026","passed","Sun May 17 16:04:10 UTC 2026","TestAuthIDPAssessments","test_auth","",""
"","254","test_update_user_profile","tests.api","Sun May 17 16:05:43 UTC 2026","passed","Sun May 17 16:05:43 UTC 2026","TestAIInterview","test_interview","",""
"","239","test_p1_get_evaluation_by_invalid_type","tests.api","Sun May 17 16:16:22 UTC 2026","passed","Sun May 17 16:16:22 UTC 2026","TestQuizP1","test_quiz","",""
"P0: Get my mentee goals.","291","test_my_goals","tests.api","Sun May 17 16:06:13 UTC 2026","passed","Sun May 17 16:06:14 UTC 2026","TestMentorshipSkills","test_mentorship","",""
"P0: DEL /api/v1/bookmarks/{id}.","294","test_delete_bookmark_by_id","tests.api","Sun May 17 16:05:18 UTC 2026","passed","Sun May 17 16:05:18 UTC 2026","TestCoursesNewEndpoints","test_courses","",""
"","246","test_list_bookmarks","tests.api","Sun May 17 16:05:08 UTC 2026","passed","Sun May 17 16:05:09 UTC 2026","TestCoursesNotes","test_courses","",""
"","212","test_p1_run_migration_admin_unauthorized","tests.api","Sun May 17 16:16:49 UTC 2026","passed","Sun May 17 16:16:49 UTC 2026","TestQuizP1","test_quiz","",""
"P0: Save an IDP.","324","test_idp_save","tests.api","Sun May 17 16:03:49 UTC 2026","passed","Sun May 17 16:03:50 UTC 2026","TestAuthIDPCRUD","test_auth","",""
"POST /api/evaluation/evaluate-answer without token → 401.","344","test_p1_evaluate_answer_no_auth","tests.api","Sun May 17 16:03:08 UTC 2026","passed","Sun May 17 16:03:08 UTC 2026","TestAuthEvaluationP1","test_auth","",""
"P1: GET /me without token → 401.","277","test_p1_get_me_no_auth","tests.api","Sun May 17 16:06:10 UTC 2026","passed","Sun May 17 16:06:10 UTC 2026","TestMentorshipProfile","test_mentorship","",""
"POST /api/assessments/ai-create with empty body → 422.","234","test_p1_ai_create_assessment_empty","tests.api","Sun May 17 16:03:00 UTC 2026","passed","Sun May 17 16:03:01 UTC 2026","TestAuthAssessmentsP1","test_auth","",""
"","323","test_my_enrollments","tests.api","Sun May 17 16:04:07 UTC 2026","passed","Sun May 17 16:04:07 UTC 2026","TestAuthClassrooms","test_auth","",""
"P0: List upcoming/live assessments for student.","278","test_student_upcoming_assessments","tests.api","Sun May 17 16:03:05 UTC 2026","passed","Sun May 17 16:03:05 UTC 2026","TestAuthStudentAssessments","test_auth","",""
"P1: GET /sessions/99999/review → 404.","219","test_p1_get_review_nonexistent","tests.api","Sun May 17 16:06:22 UTC 2026","passed","Sun May 17 16:06:23 UTC 2026","TestMentorshipSessions","test_mentorship","",""
"P1: POST /subscriptions/99999/resume → 404.","322","test_p1_resume_nonexistent","tests.api","Sun May 17 16:04:33 UTC 2026","passed","Sun May 17 16:04:33 UTC 2026","TestBillingSubscriptions","test_billing","",""
"P0: Delete a question from a draft assessment.","246","test_delete_question","tests.api","Sun May 17 16:03:04 UTC 2026","passed","Sun May 17 16:03:04 UTC 2026","TestAuthAssessmentQuestions","test_auth","",""
"","216","test_p1_create_group_empty","tests.api","Sun May 17 16:04:18 UTC 2026","passed","Sun May 17 16:04:18 UTC 2026","TestAuthNewP1","test_auth","",""
"POST /auth/api/company/profile with empty name – API may accept it.","214","test_p1_create_company_empty_name","tests.api","Sun May 17 16:02:44 UTC 2026","passed","Sun May 17 16:02:44 UTC 2026","TestAuthUniversityP1","test_auth","",""
"","221","test_my_pending_invites","tests.api","Sun May 17 16:04:02 UTC 2026","passed","Sun May 17 16:04:02 UTC 2026","TestAuthCompanyExtended","test_auth","",""
"","313","test_get_company","tests.api","Sun May 17 16:04:04 UTC 2026","passed","Sun May 17 16:04:04 UTC 2026","TestAuthCompanyExtended","test_auth","",""
"P1: PATCH /sessions/99999 → 404.","218","test_p1_update_session_status_nonexistent","tests.api","Sun May 17 16:06:22 UTC 2026","passed","Sun May 17 16:06:22 UTC 2026","TestMentorshipSessions","test_mentorship","",""
"","273","test_get_interview_analysis","tests.api","Sun May 17 16:05:42 UTC 2026","passed","Sun May 17 16:05:42 UTC 2026","TestAIInterview","test_interview","",""
"P1: DELETE /resumes/99999 → 404.","280","test_p1_delete_resume_nonexistent","tests.api","Sun May 17 16:17:07 UTC 2026","passed","Sun May 17 16:17:07 UTC 2026","TestResumeP1","test_resumes","",""
"","219","test_p1_put_assessment_empty","tests.api","Sun May 17 16:04:17 UTC 2026","passed","Sun May 17 16:04:17 UTC 2026","TestAuthNewP1","test_auth","",""
"P1: Bulk invite candidates.","245","test_bulk_invite_candidates","tests.api","Sun May 17 16:03:40 UTC 2026","passed","Sun May 17 16:03:40 UTC 2026","TestAuthCompanyInvites","test_auth","",""
"P1: POST /wallet/reverse with empty body → 422.","317","test_p1_reverse_empty","tests.api","Sun May 17 16:04:30 UTC 2026","passed","Sun May 17 16:04:31 UTC 2026","TestBillingWallet","test_billing","",""
"P1: Reject a company invite.","321","test_reject_company_invite","tests.api","Sun May 17 16:03:43 UTC 2026","passed","Sun May 17 16:03:43 UTC 2026","TestAuthCompanyInvites","test_auth","",""
"POST without token → 401.","284","test_p1_bulk_invite_no_auth","tests.api","Sun May 17 16:03:43 UTC 2026","passed","Sun May 17 16:03:44 UTC 2026","TestAuthCompanyInvites","test_auth","",""
"P1: GET /users/internal/active-ids without token — returns list or 403.","231","test_p1_list_active_ids_no_auth","tests.api","Sun May 17 16:03:11 UTC 2026","passed","Sun May 17 16:03:11 UTC 2026","TestAuthInternalUserIdsP1","test_auth","",""
"P0: GET /v1/sessions/{id} — get a single session.","3028","test_get_session_by_id","tests.api","Sun May 17 16:16:52 UTC 2026","passed","Sun May 17 16:16:55 UTC 2026","TestQuizNewEndpoints","test_quiz","",""
"","2125","test_generate_company_question","tests.api","Sun May 17 16:14:58 UTC 2026","failed","Sun May 17 16:15:00 UTC 2026","TestQuizAPIs","test_quiz","",""
"P0: GET /v1/profiles/{user_id}/avatar.","213","test_get_profile_avatar","tests.api","Sun May 17 16:06:29 UTC 2026","passed","Sun May 17 16:06:30 UTC 2026","TestMentorshipNewEndpoints","test_mentorship","",""
"Cleanup: delete the test assessment.","227","test_cleanup_delete_assessment","tests.api","Sun May 17 16:03:04 UTC 2026","passed","Sun May 17 16:03:04 UTC 2026","TestAuthAssessmentQuestions","test_auth","",""
"","229","test_p1_create_course_empty_payload","tests.api","Sun May 17 16:04:48 UTC 2026","passed","Sun May 17 16:04:48 UTC 2026","TestCoursesCRUDP1","test_courses","",""
"P1: POST /jobs with empty body → 422.","218","test_p1_create_job_empty","tests.api","Sun May 17 16:06:02 UTC 2026","passed","Sun May 17 16:06:02 UTC 2026","TestJobsP1","test_jobs_endpoints","",""
"P0: POST /api/v1/resumes/builder/export/pdf.","245","test_builder_export_pdf","tests.api","Sun May 17 16:17:17 UTC 2026","passed","Sun May 17 16:17:17 UTC 2026","TestResumeNewEndpoints","test_resumes","",""
"P1: GET /resumes/admin/users/1/skills without token → 401/403.","292","test_p1_admin_get_skills_no_auth","tests.api","Sun May 17 16:17:10 UTC 2026","passed","Sun May 17 16:17:11 UTC 2026","TestResumeAdmin","test_resumes","",""
"POST /auth/roles with empty name → 422 or 201 (API allows empty).","424","test_p1_create_role_empty_name","tests.api","Sun May 17 16:02:22 UTC 2026","passed","Sun May 17 16:02:23 UTC 2026","TestAuthProtectedP1","test_auth","",""
"","219","test_reset_password","tests.api","Sun May 17 16:02:16 UTC 2026","passed","Sun May 17 16:02:16 UTC 2026","TestAuthOther","test_auth","",""
"P1: POST /api/v1/resumes/builder/generate with empty → 422.","212","test_p1_builder_generate_empty","tests.api","Sun May 17 16:17:19 UTC 2026","passed","Sun May 17 16:17:19 UTC 2026","TestResumeNewEndpointsP1","test_resumes","",""
"","2632","test_generate_mcq_endpoint","tests.api","Sun May 17 16:15:56 UTC 2026","failed","Sun May 17 16:15:58 UTC 2026","TestQuizAPIs","test_quiz","",""
"P0: Get credit flow report.","235","test_credit_flow_report","tests.api","Sun May 17 16:04:38 UTC 2026","passed","Sun May 17 16:04:38 UTC 2026","TestBillingReports","test_billing","",""
"P1: GET /companies/nonexistent → 404.","218","test_p1_get_company_nonexistent","tests.api","Sun May 17 16:06:03 UTC 2026","passed","Sun May 17 16:06:03 UTC 2026","TestJobsP1","test_jobs_endpoints","",""
"","338","test_idp_course_request","tests.api","Sun May 17 16:04:12 UTC 2026","passed","Sun May 17 16:04:12 UTC 2026","TestAuthIDPAssessments","test_auth","",""
"P0: GET /v1/mentors/{id}/profile — mentor profile.","219","test_get_mentor_profile_new","tests.api","Sun May 17 16:06:27 UTC 2026","passed","Sun May 17 16:06:27 UTC 2026","TestMentorshipNewEndpoints","test_mentorship","",""
"P1: DELETE /jobs/nonexistent/hard-delete → 404.","217","test_p1_hard_delete_nonexistent","tests.api","Sun May 17 16:06:05 UTC 2026","passed","Sun May 17 16:06:05 UTC 2026","TestJobsP1","test_jobs_endpoints","",""
"","243","test_delete_group_safe","tests.api","Sun May 17 16:03:57 UTC 2026","passed","Sun May 17 16:03:57 UTC 2026","TestAuthCompanyGroupsCRUD","test_auth","",""
"DELETE /auth/users/99999/roles/admin → 404.","218","test_p1_remove_role_from_nonexistent_user","tests.api","Sun May 17 16:02:22 UTC 2026","passed","Sun May 17 16:02:22 UTC 2026","TestAuthProtectedP1","test_auth","",""
"P1: Get JDs uploaded by a specific user.","219","test_get_jds_by_user","tests.api","Sun May 17 16:03:44 UTC 2026","passed","Sun May 17 16:03:45 UTC 2026","TestAuthJDExtended","test_auth","",""
"","251","test_p1_generate_skill_based_recommendations_empty","tests.api","Sun May 17 16:16:21 UTC 2026","passed","Sun May 17 16:16:21 UTC 2026","TestQuizP1","test_quiz","",""
"","240","test_p1_create_question_no_auth","tests.api","Sun May 17 16:05:13 UTC 2026","passed","Sun May 17 16:05:13 UTC 2026","TestCoursesQuizzesP1","test_courses","",""
"P1: PUT /api/v1/tenants/{id}/sub-accounts/{id}/limit with empty → 422.","311","test_p1_update_sub_account_limit_empty","tests.api","Sun May 17 16:04:44 UTC 2026","passed","Sun May 17 16:04:44 UTC 2026","TestBillingNewEndpointsP1","test_billing","",""
"P1: GET /resumes/{id}/skills without token → 401/403.","923","test_p1_get_skills_no_auth","tests.api","Sun May 17 16:17:09 UTC 2026","passed","Sun May 17 16:17:10 UTC 2026","TestResumeP1","test_resumes","",""
"Login with email only → 422.","287","test_p1_login_missing_password","tests.api","Sun May 17 16:02:11 UTC 2026","passed","Sun May 17 16:02:12 UTC 2026","TestAuthPublicP1","test_auth","",""
"P0: PUT /api/v1/lessons/{id}.","330","test_put_lesson","tests.api","Sun May 17 16:05:20 UTC 2026","passed","Sun May 17 16:05:20 UTC 2026","TestCoursesNewEndpoints","test_courses","",""
"P0: Get shortlisted candidates for a JD.","221","test_get_shortlisted_candidates","tests.api","Sun May 17 16:03:13 UTC 2026","passed","Sun May 17 16:03:13 UTC 2026","TestAuthShortlistGet","test_auth","",""
"","571","test_month_finalize","tests.api","Sun May 17 16:04:10 UTC 2026","passed","Sun May 17 16:04:11 UTC 2026","TestAuthIDPAssessments","test_auth","",""
"","122411","test_generate_skill_based_recommendations","tests.api","Sun May 17 16:12:51 UTC 2026","failed","Sun May 17 16:14:54 UTC 2026","TestQuizAPIs","test_quiz","",""
"P1: GET /v1/sessions/99999 → 404.","231","test_p1_get_session_nonexistent","tests.api","Sun May 17 16:16:58 UTC 2026","passed","Sun May 17 16:16:58 UTC 2026","TestQuizNewEndpointsP1","test_quiz","",""
"P1: GET /v1/user/99999/profile → 404 or empty.","242","test_p1_user_profile_nonexistent","tests.api","Sun May 17 16:05:54 UTC 2026","passed","Sun May 17 16:05:54 UTC 2026","TestInterviewNewEndpointsP1","test_interview","",""
"","213","test_p1_create_coding_question_empty","tests.api","Sun May 17 16:16:25 UTC 2026","passed","Sun May 17 16:16:25 UTC 2026","TestQuizP1","test_quiz","",""
"P1: PATCH /me without token → 401.","232","test_p1_update_me_no_auth","tests.api","Sun May 17 16:06:11 UTC 2026","passed","Sun May 17 16:06:11 UTC 2026","TestMentorshipProfile","test_mentorship","",""
"","218","test_p1_create_classroom_empty","tests.api","Sun May 17 16:04:21 UTC 2026","passed","Sun May 17 16:04:21 UTC 2026","TestAuthNewP1","test_auth","",""
"P1: GET /users/99999/trust-score → 404.","265","test_p1_get_trust_score_nonexistent","tests.api","Sun May 17 16:06:25 UTC 2026","passed","Sun May 17 16:06:25 UTC 2026","TestMentorshipOnboarding","test_mentorship","",""
"POST /v1/analyze/frame without token → 401/403.","264","test_p1_analyze_frame_no_auth","tests.api","Sun May 17 16:05:46 UTC 2026","passed","Sun May 17 16:05:46 UTC 2026","TestAIInterviewP1","test_interview","",""
"POST /auth/universities/{id}/invites/bulk with bad emails → 400/422.","238","test_p1_bulk_invite_invalid_emails","tests.api","Sun May 17 16:02:33 UTC 2026","passed","Sun May 17 16:02:34 UTC 2026","TestAuthUniversityP1","test_auth","",""
"P1: GET /resumes without token → 401/403.","253","test_p1_list_resumes_no_auth","tests.api","Sun May 17 16:17:06 UTC 2026","passed","Sun May 17 16:17:06 UTC 2026","TestResumeP1","test_resumes","",""
"","276","test_p1_get_question_nonexistent","tests.api","Sun May 17 16:05:14 UTC 2026","passed","Sun May 17 16:05:14 UTC 2026","TestCoursesQuizzesP1","test_courses","",""
"P1: POST without token → 401/403/422 (server validates body before auth).","232","test_p1_create_session_no_auth","tests.api","Sun May 17 16:06:08 UTC 2026","passed","Sun May 17 16:06:08 UTC 2026","TestJobsITJourneyP1","test_jobs_endpoints","",""
"P1: PUT /api/v1/pricing/packs/99999 → 404.","581","test_p1_update_pack_nonexistent","tests.api","Sun May 17 16:04:42 UTC 2026","passed","Sun May 17 16:04:42 UTC 2026","TestBillingNewEndpointsP1","test_billing","",""
"P0: Get current user's mentorship profile.","251","test_get_me","tests.api","Sun May 17 16:06:10 UTC 2026","passed","Sun May 17 16:06:10 UTC 2026","TestMentorshipProfile","test_mentorship","",""
"GET /auth/roles without token → 401/403.","235","test_p1_list_roles_no_auth","tests.api","Sun May 17 16:02:22 UTC 2026","passed","Sun May 17 16:02:22 UTC 2026","TestAuthProtectedP1","test_auth","",""
"P0: POST /api/v1/payments/webhooks/razorpay — process webhook.","310","test_razorpay_webhook","tests.api","Sun May 17 16:04:39 UTC 2026","failed","Sun May 17 16:04:39 UTC 2026","TestBillingNewEndpoints","test_billing","",""
"","264","test_register_user","tests.api","Sun May 17 16:02:04 UTC 2026","passed","Sun May 17 16:02:04 UTC 2026","TestAuthPublic","test_auth","",""
"P1: GET /mentors/search without token → 401.","302","test_p1_mentor_search_no_auth","tests.api","Sun May 17 16:06:16 UTC 2026","passed","Sun May 17 16:06:16 UTC 2026","TestMentorshipDiscovery","test_mentorship","",""
"P0: POST /api/v1/admin/activate-user/{user_id}.","317","test_admin_activate_user","tests.api","Sun May 17 16:04:40 UTC 2026","passed","Sun May 17 16:04:40 UTC 2026","TestBillingNewEndpoints","test_billing","",""
"","640","test_get_my_history","tests.api","Sun May 17 16:16:01 UTC 2026","passed","Sun May 17 16:16:02 UTC 2026","TestQuizAPIs","test_quiz","",""
"GET /auth/api/interview/rounds/{id} without token → 401/403.","261","test_p1_get_interviews_no_auth","tests.api","Sun May 17 16:02:42 UTC 2026","passed","Sun May 17 16:02:43 UTC 2026","TestAuthUniversityP1","test_auth","",""
"P1: POST /api/v1/resumes/builder/enhance-section with empty → 422.","212","test_p1_builder_enhance_empty","tests.api","Sun May 17 16:17:19 UTC 2026","passed","Sun May 17 16:17:20 UTC 2026","TestResumeNewEndpointsP1","test_resumes","",""
"","524","test_p1_classroom_nonexistent","tests.api","Sun May 17 16:04:20 UTC 2026","passed","Sun May 17 16:04:21 UTC 2026","TestAuthNewP1","test_auth","",""
"P1: GET /sessions/99999 → 404.","222","test_p1_get_session_nonexistent","tests.api","Sun May 17 16:06:22 UTC 2026","passed","Sun May 17 16:06:22 UTC 2026","TestMentorshipSessions","test_mentorship","",""
"","217","test_p1_idp_assessment_nonexistent","tests.api","Sun May 17 16:04:21 UTC 2026","passed","Sun May 17 16:04:21 UTC 2026","TestAuthNewP1","test_auth","",""
"","251","test_p1_update_note_nonexistent","tests.api","Sun May 17 16:05:10 UTC 2026","passed","Sun May 17 16:05:10 UTC 2026","TestCoursesNotesP1","test_courses","",""
"P0: List my IDPs.","278","test_idp_list_my_idps","tests.api","Sun May 17 16:03:50 UTC 2026","passed","Sun May 17 16:03:50 UTC 2026","TestAuthIDPCRUD","test_auth","",""
"P1: POST /wallet/consume without token → 401/403.","620","test_p1_consume_credits_no_auth","tests.api","Sun May 17 16:04:30 UTC 2026","passed","Sun May 17 16:04:30 UTC 2026","TestBillingWallet","test_billing","",""
"DELETE /users/99999 → 404.","232","test_p1_delete_user_nonexistent","tests.api","Sun May 17 16:02:52 UTC 2026","passed","Sun May 17 16:02:52 UTC 2026","TestAuthDeleteUserP1","test_auth","",""
"","217","test_introspect_token","tests.api","Sun May 17 16:02:13 UTC 2026","passed","Sun May 17 16:02:13 UTC 2026","TestAuthOther","test_auth","",""
"DELETE /api/assessments/99999 → 404.","290","test_p1_delete_assessment_nonexistent","tests.api","Sun May 17 16:03:02 UTC 2026","passed","Sun May 17 16:03:02 UTC 2026","TestAuthAssessmentsP1","test_auth","",""
"","315","test_flag_course_review","tests.api","Sun May 17 16:04:56 UTC 2026","passed","Sun May 17 16:04:56 UTC 2026","TestCoursesReviews","test_courses","",""
"P0: GET /healthz — healthz check.","210","test_jobs_healthz","tests.api","Sun May 17 16:06:07 UTC 2026","passed","Sun May 17 16:06:07 UTC 2026","TestJobsITJourney","test_jobs_endpoints","",""
"POST /auth/users/99999/roles/admin → 404.","427","test_p1_add_role_to_nonexistent_user","tests.api","Sun May 17 16:02:21 UTC 2026","passed","Sun May 17 16:02:22 UTC 2026","TestAuthProtectedP1","test_auth","",""
"","303","test_get_question","tests.api","Sun May 17 16:05:11 UTC 2026","passed","Sun May 17 16:05:12 UTC 2026","TestCoursesQuizzes","test_courses","",""
"","261","test_root","tests.api","Sun May 17 16:15:03 UTC 2026","passed","Sun May 17 16:15:03 UTC 2026","TestQuizAPIs","test_quiz","",""
"","326","test_verify_email","tests.api","Sun May 17 16:02:15 UTC 2026","passed","Sun May 17 16:02:15 UTC 2026","TestAuthOther","test_auth","",""
"P0: Assign admin to a university.","221","test_assign_university_admin","tests.api","Sun May 17 16:02:53 UTC 2026","passed","Sun May 17 16:02:53 UTC 2026","TestAuthAssignUniAdmin","test_auth","",""
"","241","test_list_add_user_requests","tests.api","Sun May 17 16:04:03 UTC 2026","failed","Sun May 17 16:04:03 UTC 2026","TestAuthCompanyExtended","test_auth","",""
"P0: GET /v1/tests/my/mentee-tests.","288","test_list_my_mentee_tests","tests.api","Sun May 17 16:06:28 UTC 2026","passed","Sun May 17 16:06:29 UTC 2026","TestMentorshipNewEndpoints","test_mentorship","",""
"","444","test_get_resume_by_id","tests.api","Sun May 17 16:17:00 UTC 2026","passed","Sun May 17 16:17:01 UTC 2026","TestResume","test_resumes","",""
"P1: GET /reports/credit-flow without required dates → 422.","209","test_p1_credit_flow_no_dates","tests.api","Sun May 17 16:04:38 UTC 2026","passed","Sun May 17 16:04:38 UTC 2026","TestBillingReports","test_billing","",""
"","307","test_health","tests.api","Sun May 17 16:04:44 UTC 2026","passed","Sun May 17 16:04:45 UTC 2026","TestCoursesHealth","test_courses","",""
"","228","test_p1_get_assessment_nonexistent","tests.api","Sun May 17 16:04:17 UTC 2026","passed","Sun May 17 16:04:17 UTC 2026","TestAuthNewP1","test_auth","",""
"","393","test_evaluate_code","tests.api","Sun May 17 16:08:40 UTC 2026","passed","Sun May 17 16:08:40 UTC 2026","TestQuizAPIs","test_quiz","",""
"","420","test_promote_admin","tests.api","Sun May 17 16:04:04 UTC 2026","passed","Sun May 17 16:04:05 UTC 2026","TestAuthCompanyExtended","test_auth","",""
"P0: AI-create assessment via Gemini.","3034","test_ai_create_assessment","tests.api","Sun May 17 16:02:55 UTC 2026","passed","Sun May 17 16:02:58 UTC 2026","TestAuthAssessments","test_auth","",""
"","743","test_list_courses","tests.api","Sun May 17 16:04:46 UTC 2026","passed","Sun May 17 16:04:47 UTC 2026","TestCoursesCRUD","test_courses","",""
"","230","test_get_coding_question_pool_item_p0","tests.api","Sun May 17 16:15:13 UTC 2026","passed","Sun May 17 16:15:13 UTC 2026","TestQuizAPIs","test_quiz","",""
"P1: Regular (non-admin) user cannot access admin skills endpoint → 403.","236","test_p1_admin_get_skills_regular_user_forbidden","tests.api","Sun May 17 16:17:11 UTC 2026","passed","Sun May 17 16:17:11 UTC 2026","TestResumeAdmin","test_resumes","",""
"P0: Health check returns 200.","209","test_health","tests.api","Sun May 17 16:06:09 UTC 2026","passed","Sun May 17 16:06:10 UTC 2026","TestMentorshipHealth","test_mentorship","",""
"","485","test_start_interview","tests.api","Sun May 17 16:05:28 UTC 2026","passed","Sun May 17 16:05:29 UTC 2026","TestAIInterview","test_interview","",""
"","217","test_add_university_group_members","tests.api","Sun May 17 16:02:28 UTC 2026","passed","Sun May 17 16:02:28 UTC 2026","TestAuthUniversity","test_auth","",""
"","897","test_p1_user_roles_no_auth","tests.api","Sun May 17 16:04:24 UTC 2026","passed","Sun May 17 16:04:25 UTC 2026","TestAuthNewP1","test_auth","",""
"","242","test_assign_user","tests.api","Sun May 17 16:04:04 UTC 2026","passed","Sun May 17 16:04:04 UTC 2026","TestAuthCompanyExtended","test_auth","",""
"POST /idp/save without token → 401/403.","339","test_p1_idp_save_no_auth","tests.api","Sun May 17 16:03:51 UTC 2026","passed","Sun May 17 16:03:52 UTC 2026","TestAuthIDPCRUD","test_auth","",""
"P0: GET /healthz.","213","test_healthz_new","tests.api","Sun May 17 16:17:18 UTC 2026","passed","Sun May 17 16:17:18 UTC 2026","TestResumeNewEndpoints","test_resumes","",""
"P0: Healthz returns 200.","239","test_healthz","tests.api","Sun May 17 16:06:10 UTC 2026","passed","Sun May 17 16:06:10 UTC 2026","TestMentorshipHealth","test_mentorship","",""
"P0: GET /v1/internal/idp-assessments/sessions/{id} — get IDP assessment session.","576","test_get_internal_idp_assessment_session","tests.api","Sun May 17 16:16:50 UTC 2026","failed","Sun May 17 16:16:50 UTC 2026","TestQuizNewEndpoints","test_quiz","",""
"","253","test_p1_evaluate_company_answer_empty","tests.api","Sun May 17 16:16:21 UTC 2026","passed","Sun May 17 16:16:21 UTC 2026","TestQuizP1","test_quiz","",""
"P0: POST /v1/user/{id}/profile — create/update user profile.","226","test_post_user_profile","tests.api","Sun May 17 16:05:51 UTC 2026","passed","Sun May 17 16:05:51 UTC 2026","TestInterviewNewEndpoints","test_interview","",""
"POST without token → 401.","357","test_p1_create_company_group_no_auth","tests.api","Sun May 17 16:03:40 UTC 2026","passed","Sun May 17 16:03:40 UTC 2026","TestAuthCompanyGroups","test_auth","",""
"P1: GET without token → 401/403.","287","test_p1_get_idp_session_no_auth","tests.api","Sun May 17 16:16:56 UTC 2026","passed","Sun May 17 16:16:56 UTC 2026","TestQuizNewEndpointsP1","test_quiz","",""
"P1: GET /subscriptions/me without token → 401/403.","282","test_p1_get_subscription_no_auth","tests.api","Sun May 17 16:04:32 UTC 2026","passed","Sun May 17 16:04:33 UTC 2026","TestBillingSubscriptions","test_billing","",""
"P0: Delete a draft assessment (last test to keep assessment available for others).","315","test_delete_assessment","tests.api","Sun May 17 16:02:59 UTC 2026","passed","Sun May 17 16:03:00 UTC 2026","TestAuthAssessments","test_auth","",""
"","261","test_health","tests.api","Sun May 17 16:02:17 UTC 2026","passed","Sun May 17 16:02:17 UTC 2026","TestAuthOther","test_auth","",""
"P1: GET /sessions/99999/contact → 404.","217","test_p1_get_session_contact_nonexistent","tests.api","Sun May 17 16:06:23 UTC 2026","passed","Sun May 17 16:06:23 UTC 2026","TestMentorshipSessions","test_mentorship","",""
"","225","test_get_my_pending_university_invites","tests.api","Sun May 17 16:02:24 UTC 2026","passed","Sun May 17 16:02:25 UTC 2026","TestAuthUniversity","test_auth","",""
"","214","test_p1_generate_challenge_empty","tests.api","Sun May 17 16:16:19 UTC 2026","passed","Sun May 17 16:16:19 UTC 2026","TestQuizP1","test_quiz","",""
"","216","test_submit_course_review","tests.api","Sun May 17 16:04:55 UTC 2026","passed","Sun May 17 16:04:56 UTC 2026","TestCoursesReviews","test_courses","",""
"","2086","test_p1_populate_coding_question_pool_unauthorized","tests.api","Sun May 17 16:16:26 UTC 2026","passed","Sun May 17 16:16:28 UTC 2026","TestQuizP1","test_quiz","",""
"Docs page should be reachable (safe smoke test).","297","test_jobs_docs","tests.api","Sun May 17 16:05:54 UTC 2026","passed","Sun May 17 16:05:55 UTC 2026","","test_jobs_endpoints","",""
"","433","test_forgot_password","tests.api","Sun May 17 16:02:15 UTC 2026","passed","Sun May 17 16:02:16 UTC 2026","TestAuthOther","test_auth","",""
"","303","test_create_quiz","tests.api","Sun May 17 16:05:12 UTC 2026","passed","Sun May 17 16:05:12 UTC 2026","TestCoursesQuizzes","test_courses","",""
"P0: GET /v1/tests/my/mentor-tests.","264","test_list_my_mentor_tests","tests.api","Sun May 17 16:06:29 UTC 2026","passed","Sun May 17 16:06:29 UTC 2026","TestMentorshipNewEndpoints","test_mentorship","",""
"P1: GET /universities without token → 401/403.","292","test_p1_list_universities_no_auth","tests.api","Sun May 17 16:03:09 UTC 2026","passed","Sun May 17 16:03:09 UTC 2026","TestAuthUniversityCRUDP1","test_auth","",""
"P1: Without token → 401.","236","test_p1_generate_pdf_no_auth","tests.api","Sun May 17 16:03:15 UTC 2026","passed","Sun May 17 16:03:16 UTC 2026","TestAuthGeneratePdfResultP1","test_auth","",""
"","3188","test_coding_generate_question","tests.api","Sun May 17 16:15:03 UTC 2026","failed","Sun May 17 16:15:07 UTC 2026","TestQuizAPIs","test_quiz","",""
"P0: DEL /api/v1/lessons/{id} — delete a lesson.","293","test_delete_lesson_safe","tests.api","Sun May 17 16:05:16 UTC 2026","passed","Sun May 17 16:05:16 UTC 2026","TestCoursesNewEndpoints","test_courses","",""
"P0: POST /api/v1/resumes/builder/generate — generate a resume.","2183","test_builder_generate","tests.api","Sun May 17 16:17:14 UTC 2026","failed","Sun May 17 16:17:16 UTC 2026","TestResumeNewEndpoints","test_resumes","",""
"P0: POST /v1/me/avatar — upload avatar.","261","test_post_me_avatar","tests.api","Sun May 17 16:06:25 UTC 2026","passed","Sun May 17 16:06:25 UTC 2026","TestMentorshipNewEndpoints","test_mentorship","",""
"P0: GET /api/v1/questions/{id}.","237","test_get_question_by_id","tests.api","Sun May 17 16:05:20 UTC 2026","passed","Sun May 17 16:05:20 UTC 2026","TestCoursesNewEndpoints","test_courses","",""
"","219","test_update_role","tests.api","Sun May 17 16:02:20 UTC 2026","passed","Sun May 17 16:02:20 UTC 2026","TestAuthProtected","test_auth","",""
"P0: DEL /api/v1/courses/{cid}/modules/{mid} — delete a module.","311","test_delete_module_safe","tests.api","Sun May 17 16:05:16 UTC 2026","passed","Sun May 17 16:05:16 UTC 2026","TestCoursesNewEndpoints","test_courses","",""
"","274","test_search_courses","tests.api","Sun May 17 16:05:04 UTC 2026","passed","Sun May 17 16:05:04 UTC 2026","TestCoursesSearch","test_courses","",""
"","962","test_p1_list_all_sessions_admin_unauthorized","tests.api","Sun May 17 16:16:48 UTC 2026","passed","Sun May 17 16:16:49 UTC 2026","TestQuizP1","test_quiz","",""
"","238","test_p1_create_bookmark_no_auth","tests.api","Sun May 17 16:05:10 UTC 2026","passed","Sun May 17 16:05:10 UTC 2026","TestCoursesNotesP1","test_courses","",""
"","212","test_p1_download_report_empty","tests.api","Sun May 17 16:16:21 UTC 2026","passed","Sun May 17 16:16:22 UTC 2026","TestQuizP1","test_quiz","",""
"","283","test_p1_assessment_no_auth","tests.api","Sun May 17 16:04:17 UTC 2026","passed","Sun May 17 16:04:17 UTC 2026","TestAuthNewP1","test_auth","",""
"","281","test_p1_enroll_no_auth","tests.api","Sun May 17 16:04:54 UTC 2026","passed","Sun May 17 16:04:55 UTC 2026","TestCoursesEnrollmentsP1","test_courses","",""
"","442","test_approve_request","tests.api","Sun May 17 16:04:09 UTC 2026","passed","Sun May 17 16:04:09 UTC 2026","TestAuthClassrooms","test_auth","",""
"P0: Create a new availability slot.","218","test_create_availability","tests.api","Sun May 17 16:06:18 UTC 2026","passed","Sun May 17 16:06:19 UTC 2026","TestMentorshipAvailability","test_mentorship","",""
"","4662","test_suggest_roles","tests.api","Sun May 17 16:05:24 UTC 2026","passed","Sun May 17 16:05:28 UTC 2026","TestAIInterview","test_interview","",""
"P1: DEL /v1/mentors/99999/profile → 404.","209","test_p1_delete_mentor_profile_nonexistent","tests.api","Sun May 17 16:06:34 UTC 2026","passed","Sun May 17 16:06:34 UTC 2026","TestMentorshipNewEndpointsP1","test_mentorship","",""
"P0: POST /api/v1/courses/{id}/reviews — submit review.","221","test_post_course_review_new","tests.api","Sun May 17 16:05:17 UTC 2026","failed","Sun May 17 16:05:17 UTC 2026","TestCoursesNewEndpoints","test_courses","",""
"P0: GET /api/v1/tenants/{id}/sub-accounts/{user_id}/limit.","209","test_get_tenant_sub_account_limit","tests.api","Sun May 17 16:04:41 UTC 2026","passed","Sun May 17 16:04:41 UTC 2026","TestBillingNewEndpoints","test_billing","",""
"P1: Create a course request.","279","test_idp_create_course_request","tests.api","Sun May 17 16:03:51 UTC 2026","passed","Sun May 17 16:03:51 UTC 2026","TestAuthIDPCRUD","test_auth","",""
"","216","test_post_user_role","tests.api","Sun May 17 16:04:16 UTC 2026","passed","Sun May 17 16:04:16 UTC 2026","TestAuthUserRoles","test_auth","",""
"","216","test_get_results","tests.api","Sun May 17 16:03:55 UTC 2026","passed","Sun May 17 16:03:56 UTC 2026","TestAuthAssessmentsCRUD","test_auth","",""
"P1: POST /sessions with empty body → 422.","263","test_p1_book_session_empty","tests.api","Sun May 17 16:06:21 UTC 2026","passed","Sun May 17 16:06:21 UTC 2026","TestMentorshipSessions","test_mentorship","",""
"P0: GET /v1/internal/skill-scores/{user_id} — fetch skill scores for a user.","261","test_get_internal_skill_scores","tests.api","Sun May 17 16:16:50 UTC 2026","failed","Sun May 17 16:16:51 UTC 2026","TestQuizNewEndpoints","test_quiz","",""
"","228","test_get_module_quiz","tests.api","Sun May 17 16:05:12 UTC 2026","passed","Sun May 17 16:05:12 UTC 2026","TestCoursesQuizzes","test_courses","",""
"P1: GET /api/v1/it-journey/recommendations/FAKE → 404.","215","test_p1_get_recommendations_nonexistent_session","tests.api","Sun May 17 16:06:08 UTC 2026","passed","Sun May 17 16:06:08 UTC 2026","TestJobsITJourneyP1","test_jobs_endpoints","",""
"P0: Get audit dashboard.","712","test_audit_dashboard","tests.api","Sun May 17 16:04:34 UTC 2026","passed","Sun May 17 16:04:34 UTC 2026","TestBillingAdmin","test_billing","",""
"P1: DEL /v1/mentors/99999/subscribe → 404.","218","test_p1_unsubscribe_nonexistent_mentor","tests.api","Sun May 17 16:06:32 UTC 2026","passed","Sun May 17 16:06:32 UTC 2026","TestMentorshipNewEndpointsP1","test_mentorship","",""
"P0: Search for mentors.","888","test_mentor_search","tests.api","Sun May 17 16:06:15 UTC 2026","passed","Sun May 17 16:06:16 UTC 2026","TestMentorshipDiscovery","test_mentorship","",""
"","842","test_p1_groups_no_auth","tests.api","Sun May 17 16:04:18 UTC 2026","passed","Sun May 17 16:04:19 UTC 2026","TestAuthNewP1","test_auth","",""
"POST /v1/interview/suggest-roles without token → 401/403.","457","test_p1_suggest_roles_no_auth","tests.api","Sun May 17 16:05:45 UTC 2026","passed","Sun May 17 16:05:45 UTC 2026","TestAIInterviewP1","test_interview","",""
"","254","test_p1_coding_generate_question_empty","tests.api","Sun May 17 16:16:22 UTC 2026","passed","Sun May 17 16:16:22 UTC 2026","TestQuizP1","test_quiz","",""
"","248","test_audits","tests.api","Sun May 17 16:05:57 UTC 2026","passed","Sun May 17 16:05:57 UTC 2026","TestJobsReal","test_jobs_endpoints","",""
"","231","test_p1_end_assessment_nonexistent","tests.api","Sun May 17 16:16:25 UTC 2026","passed","Sun May 17 16:16:25 UTC 2026","TestQuizP1","test_quiz","",""
"P0: Create a new skill.","309","test_create_skill","tests.api","Sun May 17 16:06:12 UTC 2026","passed","Sun May 17 16:06:12 UTC 2026","TestMentorshipSkills","test_mentorship","",""
"","218","test_list_roles","tests.api","Sun May 17 16:02:19 UTC 2026","passed","Sun May 17 16:02:20 UTC 2026","TestAuthProtected","test_auth","",""
"P1: GET /v1/user/99999/recommendations → 404 or empty.","225","test_p1_user_recommendations_nonexistent","tests.api","Sun May 17 16:05:54 UTC 2026","passed","Sun May 17 16:05:54 UTC 2026","TestInterviewNewEndpointsP1","test_interview","",""
"P1: GET /api/v1/it-journey/roles/nonexistent-slug → 404.","254","test_p1_get_role_nonexistent","tests.api","Sun May 17 16:06:08 UTC 2026","passed","Sun May 17 16:06:08 UTC 2026","TestJobsITJourneyP1","test_jobs_endpoints","",""
"","309","test_p1_record_quiz_result_empty","tests.api","Sun May 17 16:05:02 UTC 2026","passed","Sun May 17 16:05:03 UTC 2026","TestCoursesAnalyticsP1","test_courses","",""
"Login with non-existent email → 401 or 404.","355","test_p1_login_nonexistent_email","tests.api","Sun May 17 16:02:11 UTC 2026","passed","Sun May 17 16:02:11 UTC 2026","TestAuthPublicP1","test_auth","",""
"P0: GET /v1/evaluations/admin/{id} — admin gets single evaluation.","304","test_get_evaluation_admin_by_id","tests.api","Sun May 17 16:16:52 UTC 2026","passed","Sun May 17 16:16:52 UTC 2026","TestQuizNewEndpoints","test_quiz","",""
"","0","test_leave_company","tests.api","Sun May 17 16:04:04 UTC 2026","skipped","Sun May 17 16:04:04 UTC 2026","TestAuthCompanyExtended","test_auth","",""
"P1: POST /resumes without token → 401/403.","596","test_p1_upload_no_auth","tests.api","Sun May 17 16:17:08 UTC 2026","passed","Sun May 17 16:17:09 UTC 2026","TestResumeP1","test_resumes","",""
"P1: PUT /api/v1/lessons/FAKE → 404.","221","test_p1_put_lesson_nonexistent","tests.api","Sun May 17 16:05:22 UTC 2026","passed","Sun May 17 16:05:23 UTC 2026","TestCoursesNewEndpointsP1","test_courses","",""
"Login with SQL injection attempt should not return 500.","496","test_p1_login_sql_injection_in_email","tests.api","Sun May 17 16:02:12 UTC 2026","passed","Sun May 17 16:02:12 UTC 2026","TestAuthPublicP1","test_auth","",""
"P0: Create assessment with manual questions.","460","test_manual_create_assessment","tests.api","Sun May 17 16:02:55 UTC 2026","passed","Sun May 17 16:02:55 UTC 2026","TestAuthAssessments","test_auth","",""
"P1: PUT /api/v1/notes/99999 → 404.","266","test_p1_put_note_nonexistent","tests.api","Sun May 17 16:05:23 UTC 2026","passed","Sun May 17 16:05:23 UTC 2026","TestCoursesNewEndpointsP1","test_courses","",""
"","252","test_create_module","tests.api","Sun May 17 16:04:49 UTC 2026","passed","Sun May 17 16:04:50 UTC 2026","TestCoursesModules","test_courses","",""
"P0: GET /v1/evaluations/by-type/{type} — get evaluations filtered by type.","319","test_get_evaluations_by_type","tests.api","Sun May 17 16:16:51 UTC 2026","passed","Sun May 17 16:16:51 UTC 2026","TestQuizNewEndpoints","test_quiz","",""
"","238","test_p1_university_no_auth","tests.api","Sun May 17 16:04:24 UTC 2026","passed","Sun May 17 16:04:24 UTC 2026","TestAuthNewP1","test_auth","",""
"P1: Get my pending company invites.","548","test_get_my_pending_company_invites","tests.api","Sun May 17 16:03:42 UTC 2026","passed","Sun May 17 16:03:43 UTC 2026","TestAuthCompanyInvites","test_auth","",""
"POST /auth/api/interview/progress without token → 401/403.","232","test_p1_track_progress_no_auth","tests.api","Sun May 17 16:02:44 UTC 2026","passed","Sun May 17 16:02:44 UTC 2026","TestAuthUniversityP1","test_auth","",""
"P1: POST /v1/mentors/99999/subscribe → 404.","220","test_p1_subscribe_nonexistent_mentor","tests.api","Sun May 17 16:06:31 UTC 2026","passed","Sun May 17 16:06:32 UTC 2026","TestMentorshipNewEndpointsP1","test_mentorship","",""
"P1: GET /mentors/99999/ratings → 200 (empty) or 404.","224","test_p1_mentor_ratings_nonexistent","tests.api","Sun May 17 16:06:23 UTC 2026","passed","Sun May 17 16:06:23 UTC 2026","TestMentorshipRatings","test_mentorship","",""
"","252","test_p1_create_assessment_empty","tests.api","Sun May 17 16:16:24 UTC 2026","passed","Sun May 17 16:16:24 UTC 2026","TestQuizP1","test_quiz","",""
"","240","test_delete_university_group","tests.api","Sun May 17 16:02:29 UTC 2026","passed","Sun May 17 16:02:29 UTC 2026","TestAuthUniversity","test_auth","",""
"","251","test_del_user_safe","tests.api","Sun May 17 16:04:16 UTC 2026","failed","Sun May 17 16:04:16 UTC 2026","TestAuthUserRoles","test_auth","",""
"","350","test_p1_classrooms_no_auth","tests.api","Sun May 17 16:04:20 UTC 2026","passed","Sun May 17 16:04:20 UTC 2026","TestAuthNewP1","test_auth","",""
"","436","test_restore_and_hard_delete","tests.api","Sun May 17 16:05:58 UTC 2026","passed","Sun May 17 16:05:58 UTC 2026","TestJobsReal","test_jobs_endpoints","",""
"","230","test_p1_update_coding_question_nonexistent","tests.api","Sun May 17 16:16:25 UTC 2026","passed","Sun May 17 16:16:26 UTC 2026","TestQuizP1","test_quiz","",""
"P1: GET /jobs/nonexistent → 404.","217","test_p1_get_job_nonexistent","tests.api","Sun May 17 16:06:02 UTC 2026","passed","Sun May 17 16:06:02 UTC 2026","TestJobsP1","test_jobs_endpoints","",""
"","224","test_refresh_token","tests.api","Sun May 17 16:02:12 UTC 2026","passed","Sun May 17 16:02:13 UTC 2026","TestAuthOther","test_auth","",""
"P0: GET /v1/user/{id}/recommendations — user recommendations.","229","test_get_user_recommendations_new","tests.api","Sun May 17 16:05:51 UTC 2026","passed","Sun May 17 16:05:51 UTC 2026","TestInterviewNewEndpoints","test_interview","",""
"","219","test_create_university","tests.api","Sun May 17 16:02:24 UTC 2026","passed","Sun May 17 16:02:24 UTC 2026","TestAuthUniversity","test_auth","",""
"P1: PATCH /v1/mentors/me/hide-profile without token → 401.","275","test_p1_hide_profile_no_auth","tests.api","Sun May 17 16:06:34 UTC 2026","passed","Sun May 17 16:06:34 UTC 2026","TestMentorshipNewEndpointsP1","test_mentorship","",""
"GET /auth/api/interview/rounds/99999 → 200 empty or 404.","220","test_p1_get_interviews_nonexistent_jd","tests.api","Sun May 17 16:02:43 UTC 2026","passed","Sun May 17 16:02:43 UTC 2026","TestAuthUniversityP1","test_auth","",""
"P1: POST /skills without token — endpoint may be public (200) or 401.","326","test_p1_create_skill_no_auth","tests.api","Sun May 17 16:06:12 UTC 2026","passed","Sun May 17 16:06:12 UTC 2026","TestMentorshipSkills","test_mentorship","",""
"P1: PUT /universities/1 without token → 401/403.","278","test_p1_update_university_no_auth","tests.api","Sun May 17 16:03:10 UTC 2026","passed","Sun May 17 16:03:10 UTC 2026","TestAuthUniversityCRUDP1","test_auth","",""
"P1: Without token → 401/403.","343","test_p1_idp_suggest_roles_no_auth","tests.api","Sun May 17 16:03:34 UTC 2026","passed","Sun May 17 16:03:34 UTC 2026","TestAuthIDPP1","test_auth","",""
"GET without token → 401/403.","255","test_p1_enhanced_shortlist_no_auth","tests.api","Sun May 17 16:03:47 UTC 2026","passed","Sun May 17 16:03:47 UTC 2026","TestAuthShortlistEnhanced","test_auth","",""
"POST /auth/universities/my/pending-invites/reject for already accepted invite.","216","test_p1_reject_already_accepted_invite","tests.api","Sun May 17 16:02:36 UTC 2026","passed","Sun May 17 16:02:37 UTC 2026","TestAuthUniversityP1","test_auth","",""
"","239","test_p1_create_lesson_no_auth","tests.api","Sun May 17 16:04:52 UTC 2026","passed","Sun May 17 16:04:53 UTC 2026","TestCoursesLessonsP1","test_courses","",""
"","239","test_list_group_members","tests.api","Sun May 17 16:03:57 UTC 2026","passed","Sun May 17 16:03:58 UTC 2026","TestAuthCompanyGroupsCRUD","test_auth","",""
"P0: Generate roadmap from gap analysis output.","10199","test_idp_generate_roadmap_from_gap","tests.api","Sun May 17 16:03:23 UTC 2026","passed","Sun May 17 16:03:34 UTC 2026","TestAuthIDP","test_auth","",""
"","336","test_p1_complete_lesson_nonexistent","tests.api","Sun May 17 16:04:55 UTC 2026","passed","Sun May 17 16:04:55 UTC 2026","TestCoursesEnrollmentsP1","test_courses","",""
"P1: DEL /api/v1/pricing/packs/99999 → 404.","208","test_p1_delete_pack_nonexistent","tests.api","Sun May 17 16:04:42 UTC 2026","passed","Sun May 17 16:04:42 UTC 2026","TestBillingNewEndpointsP1","test_billing","",""
"P1: POST /subscriptions/99999/grant → 404.","221","test_p1_grant_due_nonexistent","tests.api","Sun May 17 16:04:33 UTC 2026","passed","Sun May 17 16:04:34 UTC 2026","TestBillingSubscriptions","test_billing","",""
"P0: Add a question to a draft assessment.","235","test_add_question","tests.api","Sun May 17 16:03:03 UTC 2026","passed","Sun May 17 16:03:03 UTC 2026","TestAuthAssessmentQuestions","test_auth","",""
"P0: POST /api/v1/resumes/builder/parse — parse a resume.","235","test_builder_parse","tests.api","Sun May 17 16:17:14 UTC 2026","passed","Sun May 17 16:17:14 UTC 2026","TestResumeNewEndpoints","test_resumes","",""
"","312","test_admin_stats","tests.api","Sun May 17 16:05:03 UTC 2026","passed","Sun May 17 16:05:03 UTC 2026","TestCoursesAdmin","test_courses","",""
"P1: GET /v1/evaluations/admin/1 without token → 401/403.","289","test_p1_get_eval_admin_no_auth","tests.api","Sun May 17 16:16:57 UTC 2026","passed","Sun May 17 16:16:58 UTC 2026","TestQuizNewEndpointsP1","test_quiz","",""
"P1: GET /v1/mentors/99999/reviews → 404 or empty.","262","test_p1_get_mentor_reviews_nonexistent","tests.api","Sun May 17 16:06:32 UTC 2026","passed","Sun May 17 16:06:32 UTC 2026","TestMentorshipNewEndpointsP1","test_mentorship","",""
"","240","test_publish","tests.api","Sun May 17 16:03:54 UTC 2026","passed","Sun May 17 16:03:54 UTC 2026","TestAuthAssessmentsCRUD","test_auth","",""
"P1: DELETE /jobs/nonexistent → 404.","250","test_p1_delete_job_nonexistent","tests.api","Sun May 17 16:06:03 UTC 2026","passed","Sun May 17 16:06:03 UTC 2026","TestJobsP1","test_jobs_endpoints","",""
"P0: List company groups.","761","test_list_company_groups","tests.api","Sun May 17 16:03:38 UTC 2026","passed","Sun May 17 16:03:38 UTC 2026","TestAuthCompanyGroups","test_auth","",""
"P1: DELETE /me/mentor/skills/99999 → 204 (idempotent) or 404.","250","test_p1_delete_mentor_skill_nonexistent","tests.api","Sun May 17 16:06:13 UTC 2026","passed","Sun May 17 16:06:13 UTC 2026","TestMentorshipSkills","test_mentorship","",""
"P1: POST /listings/recommend with empty body → 422.","211","test_p1_recommend_jobs_empty","tests.api","Sun May 17 16:06:04 UTC 2026","passed","Sun May 17 16:06:04 UTC 2026","TestJobsP1","test_jobs_endpoints","",""
"","269","test_idp_delete","tests.api","Sun May 17 16:04:12 UTC 2026","passed","Sun May 17 16:04:12 UTC 2026","TestAuthIDPAssessments","test_auth","",""
"P1: POST /resumes/builder/export/pdf with empty → 422.","219","test_p1_export_pdf_empty","tests.api","Sun May 17 16:17:08 UTC 2026","passed","Sun May 17 16:17:08 UTC 2026","TestResumeP1","test_resumes","",""
"","310","test_p1_submit_attempt_no_auth","tests.api","Sun May 17 16:05:14 UTC 2026","passed","Sun May 17 16:05:15 UTC 2026","TestCoursesQuizzesP1","test_courses","",""
"P1: POST /companies with empty body → 422.","254","test_p1_create_company_empty","tests.api","Sun May 17 16:06:04 UTC 2026","passed","Sun May 17 16:06:04 UTC 2026","TestJobsP1","test_jobs_endpoints","",""
"","255","test_p1_get_all_evaluation_by_admin_unauthorized","tests.api","Sun May 17 16:16:23 UTC 2026","passed","Sun May 17 16:16:23 UTC 2026","TestQuizP1","test_quiz","",""
"P1: DEL /api/v1/bookmarks/99999 → 404.","272","test_p1_delete_bookmark_nonexistent","tests.api","Sun May 17 16:05:22 UTC 2026","passed","Sun May 17 16:05:22 UTC 2026","TestCoursesNewEndpointsP1","test_courses","",""
"P0: Create a draft assessment for question tests.","448","test_setup_create_assessment","tests.api","Sun May 17 16:03:02 UTC 2026","passed","Sun May 17 16:03:03 UTC 2026","TestAuthAssessmentQuestions","test_auth","",""
"","0","test_admin_review_queue","tests.api","Sun May 17 16:05:03 UTC 2026","skipped","Sun May 17 16:05:03 UTC 2026","TestCoursesAdmin","test_courses","",""
"P0: Edit a question in a draft assessment.","846","test_edit_question","tests.api","Sun May 17 16:03:03 UTC 2026","passed","Sun May 17 16:03:04 UTC 2026","TestAuthAssessmentQuestions","test_auth","",""
"","216","test_month_start_final","tests.api","Sun May 17 16:04:10 UTC 2026","passed","Sun May 17 16:04:10 UTC 2026","TestAuthIDPAssessments","test_auth","",""
"","217","test_del_university_safe","tests.api","Sun May 17 16:04:13 UTC 2026","passed","Sun May 17 16:04:14 UTC 2026","TestAuthUniversities","test_auth","",""
"POST /api/jd/create with empty required_skills → 422.","216","test_p1_create_jd_empty_skills","tests.api","Sun May 17 16:02:54 UTC 2026","passed","Sun May 17 16:02:54 UTC 2026","TestAuthJDCreateP1","test_auth","",""
"P1: POST /jobs/nonexistent/restore → 404.","216","test_p1_restore_nonexistent","tests.api","Sun May 17 16:06:05 UTC 2026","passed","Sun May 17 16:06:05 UTC 2026","TestJobsP1","test_jobs_endpoints","",""
"","361","test_enhance_resume_builder_section_with_ai","tests.api","Sun May 17 16:17:05 UTC 2026","passed","Sun May 17 16:17:05 UTC 2026","TestResume","test_resumes","",""
"P1: DELETE /universities/1 without token → 401/403.","861","test_p1_delete_university_no_auth","tests.api","Sun May 17 16:03:10 UTC 2026","passed","Sun May 17 16:03:11 UTC 2026","TestAuthUniversityCRUDP1","test_auth","",""
"","230","test_get_course_content","tests.api","Sun May 17 16:04:47 UTC 2026","passed","Sun May 17 16:04:47 UTC 2026","TestCoursesCRUD","test_courses","",""
"","2273","test_analyze_performance_gaps","tests.api","Sun May 17 16:12:49 UTC 2026","failed","Sun May 17 16:12:51 UTC 2026","TestQuizAPIs","test_quiz","",""
"","313","test_p1_create_lesson_missing_type","tests.api","Sun May 17 16:04:53 UTC 2026","passed","Sun May 17 16:04:53 UTC 2026","TestCoursesLessonsP1","test_courses","",""
"POST /auth/register with invalid email format → 422.","851","test_p1_register_invalid_email_format","tests.api","Sun May 17 16:02:08 UTC 2026","passed","Sun May 17 16:02:09 UTC 2026","TestAuthPublicP1","test_auth","",""
"","250","test_update_a_company_profile_by_id","tests.api","Sun May 17 16:02:48 UTC 2026","passed","Sun May 17 16:02:48 UTC 2026","TestAuthUniversityP1","test_auth","",""
"","214","test_p1_get_coding_question_nonexistent","tests.api","Sun May 17 16:16:25 UTC 2026","passed","Sun May 17 16:16:25 UTC 2026","TestQuizP1","test_quiz","",""
"","328","test_difficult_quiz_questions","tests.api","Sun May 17 16:05:01 UTC 2026","passed","Sun May 17 16:05:01 UTC 2026","TestCoursesAnalytics","test_courses","",""
"","353","test_p1_generate_aptitude_empty","tests.api","Sun May 17 16:16:18 UTC 2026","passed","Sun May 17 16:16:19 UTC 2026","TestQuizP1","test_quiz","",""
"","211","test_root","tests.api","Sun May 17 16:17:05 UTC 2026","passed","Sun May 17 16:17:06 UTC 2026","TestResume","test_resumes","",""
"","260","test_shortlist_candidates_for_a_jd","tests.api","Sun May 17 16:02:32 UTC 2026","passed","Sun May 17 16:02:32 UTC 2026","TestAuthUniversity","test_auth","",""
"POST /auth/universities duplicate name → 409.","434","test_p1_create_university_duplicate","tests.api","Sun May 17 16:02:33 UTC 2026","passed","Sun May 17 16:02:33 UTC 2026","TestAuthUniversityP1","test_auth","",""
"P0: Add members to company group.","247","test_add_company_group_members","tests.api","Sun May 17 16:03:39 UTC 2026","passed","Sun May 17 16:03:39 UTC 2026","TestAuthCompanyGroups","test_auth","",""
"GET /v1/interview/me/sessions/FAKE/history → 404.","224","test_p1_get_conversation_history_invalid_session","tests.api","Sun May 17 16:05:47 UTC 2026","passed","Sun May 17 16:05:48 UTC 2026","TestAIInterviewP1","test_interview","",""
"","274","test_del_role_safe","tests.api","Sun May 17 16:04:13 UTC 2026","passed","Sun May 17 16:04:13 UTC 2026","TestAuthRolesCRUD","test_auth","",""
"POST /auth/universities/my/pending-invites/reject for id 99999 → 404.","218","test_p1_reject_nonexistent_invite","tests.api","Sun May 17 16:02:34 UTC 2026","passed","Sun May 17 16:02:35 UTC 2026","TestAuthUniversityP1","test_auth","",""
"","330","test_record_quiz_question_result","tests.api","Sun May 17 16:05:02 UTC 2026","passed","Sun May 17 16:05:02 UTC 2026","TestCoursesAnalytics","test_courses","",""
"","259","test_p1_evaluate_writing_empty","tests.api","Sun May 17 16:16:20 UTC 2026","passed","Sun May 17 16:16:21 UTC 2026","TestQuizP1","test_quiz","",""
"P1: GET /v1/tests/99999 → 404.","218","test_p1_get_test_nonexistent","tests.api","Sun May 17 16:06:33 UTC 2026","passed","Sun May 17 16:06:33 UTC 2026","TestMentorshipNewEndpointsP1","test_mentorship","",""
"PUT /api/assessments/99999 → 404.","220","test_p1_update_assessment_nonexistent","tests.api","Sun May 17 16:03:01 UTC 2026","passed","Sun May 17 16:03:01 UTC 2026","TestAuthAssessmentsP1","test_auth","",""
"P1: GET /mentors/99999/availability → 200 (empty) or 404.","222","test_p1_list_availability_nonexistent_mentor","tests.api","Sun May 17 16:06:20 UTC 2026","passed","Sun May 17 16:06:20 UTC 2026","TestMentorshipAvailability","test_mentorship","",""
"","311","test_engagement_metrics","tests.api","Sun May 17 16:05:00 UTC 2026","passed","Sun May 17 16:05:00 UTC 2026","TestCoursesAnalytics","test_courses","",""
"","429","test_del_assessment_safe","tests.api","Sun May 17 16:03:53 UTC 2026","passed","Sun May 17 16:03:53 UTC 2026","TestAuthAssessmentsCRUD","test_auth","",""
"","232","test_p1_admin_stats_no_auth","tests.api","Sun May 17 16:05:03 UTC 2026","passed","Sun May 17 16:05:03 UTC 2026","TestCoursesAdminP1","test_courses","",""
"","2213","test_generate_interview_pdf","tests.api","Sun May 17 16:14:56 UTC 2026","failed","Sun May 17 16:14:58 UTC 2026","TestQuizAPIs","test_quiz","",""
"P0: POST /api/v1/modules/{id}/lessons — add lesson to module.","231","test_create_module_lesson","tests.api","Sun May 17 16:05:19 UTC 2026","passed","Sun May 17 16:05:19 UTC 2026","TestCoursesNewEndpoints","test_courses","",""
"","294","test_submit_quiz_attempt","tests.api","Sun May 17 16:05:13 UTC 2026","passed","Sun May 17 16:05:13 UTC 2026","TestCoursesQuizzes","test_courses","",""
"POST /api/jd/create without job_title → 422.","214","test_p1_create_jd_missing_required_fields","tests.api","Sun May 17 16:02:54 UTC 2026","passed","Sun May 17 16:02:54 UTC 2026","TestAuthJDCreateP1","test_auth","",""
"P1: GET /reports/usage-heatmap without required dates → 422.","313","test_p1_heatmap_no_dates","tests.api","Sun May 17 16:04:38 UTC 2026","passed","Sun May 17 16:04:39 UTC 2026","TestBillingReports","test_billing","",""
"POST /auth/api/jd/ingest without token → 401/403.","258","test_p1_ingest_a_jd_json_no_auth","tests.api","Sun May 17 16:02:39 UTC 2026","passed","Sun May 17 16:02:39 UTC 2026","TestAuthUniversityP1","test_auth","",""
"","217","test_reject_my_pending_university_invite","tests.api","Sun May 17 16:02:25 UTC 2026","passed","Sun May 17 16:02:25 UTC 2026","TestAuthUniversity","test_auth","",""
"P0: POST /v1/analyze/session/minute-score — compute minute-level score.","229","test_analyze_session_minute_score","tests.api","Sun May 17 16:05:48 UTC 2026","passed","Sun May 17 16:05:49 UTC 2026","TestInterviewNewEndpoints","test_interview","",""
"P1: POST /skills with empty body → 422.","209","test_p1_create_skill_empty","tests.api","Sun May 17 16:06:12 UTC 2026","passed","Sun May 17 16:06:12 UTC 2026","TestMentorshipSkills","test_mentorship","",""
"","228","test_get_user_profile","tests.api","Sun May 17 16:05:43 UTC 2026","passed","Sun May 17 16:05:43 UTC 2026","TestAIInterview","test_interview","",""
"POST without token → 401.","266","test_p1_promote_admin_no_auth","tests.api","Sun May 17 16:03:36 UTC 2026","passed","Sun May 17 16:03:36 UTC 2026","TestAuthCompanyAdmin","test_auth","",""
"GET /auth/roles/99999 → 404.","419","test_p1_get_nonexistent_role","tests.api","Sun May 17 16:02:23 UTC 2026","passed","Sun May 17 16:02:23 UTC 2026","TestAuthProtectedP1","test_auth","",""
"","213","test_p1_delete_assessment_nonexistent","tests.api","Sun May 17 16:16:24 UTC 2026","passed","Sun May 17 16:16:25 UTC 2026","TestQuizP1","test_quiz","",""
"P0: Trigger background check (requires mentor role → may 403).","214","test_trigger_background_check","tests.api","Sun May 17 16:06:24 UTC 2026","passed","Sun May 17 16:06:24 UTC 2026","TestMentorshipOnboarding","test_mentorship","",""
"POST /v1/interview/start without position → 422.","250","test_p1_start_interview_missing_position","tests.api","Sun May 17 16:05:47 UTC 2026","passed","Sun May 17 16:05:47 UTC 2026","TestAIInterviewP1","test_interview","",""
"","1172","test_get_java_questions","tests.api","Sun May 17 16:15:35 UTC 2026","passed","Sun May 17 16:15:36 UTC 2026","TestQuizAPIs","test_quiz","",""
"","387","test_reset_migration_admin","tests.api","Sun May 17 16:16:18 UTC 2026","passed","Sun May 17 16:16:18 UTC 2026","TestQuizAPIs","test_quiz","",""
"GET /idp/my-idps/99999 → 404.","215","test_p1_idp_get_nonexistent","tests.api","Sun May 17 16:03:52 UTC 2026","passed","Sun May 17 16:03:52 UTC 2026","TestAuthIDPCRUD","test_auth","",""
"P1: POST /resumes/99999/re-analyze → 404.","216","test_p1_trigger_reanalysis_nonexistent","tests.api","Sun May 17 16:17:07 UTC 2026","passed","Sun May 17 16:17:08 UTC 2026","TestResumeP1","test_resumes","",""
"","282","test_get_user_progress","tests.api","Sun May 17 16:05:43 UTC 2026","passed","Sun May 17 16:05:44 UTC 2026","TestAIInterview","test_interview","",""
"P1: GET /v1/evaluations/by-type/INVALID → 404 or empty.","214","test_p1_get_evals_invalid_type","tests.api","Sun May 17 16:16:57 UTC 2026","passed","Sun May 17 16:16:57 UTC 2026","TestQuizNewEndpointsP1","test_quiz","",""
"POST /v1/analyze/frame with empty frame_data → 422 or error.","229","test_p1_analyze_frame_empty_data","tests.api","Sun May 17 16:05:48 UTC 2026","passed","Sun May 17 16:05:48 UTC 2026","TestAIInterviewP1","test_interview","",""
"","358","test_create_company","tests.api","Sun May 17 16:02:44 UTC 2026","passed","Sun May 17 16:02:44 UTC 2026","TestAuthUniversityP1","test_auth","",""
"GET /idp/my-idps without token → 401/403.","265","test_p1_idp_list_no_auth","tests.api","Sun May 17 16:03:52 UTC 2026","passed","Sun May 17 16:03:52 UTC 2026","TestAuthIDPCRUD","test_auth","",""
"","220","test_reject_request","tests.api","Sun May 17 16:04:09 UTC 2026","passed","Sun May 17 16:04:09 UTC 2026","TestAuthClassrooms","test_auth","",""
"","214","test_p1_generate_interview_pdf_empty","tests.api","Sun May 17 16:16:22 UTC 2026","passed","Sun May 17 16:16:22 UTC 2026","TestQuizP1","test_quiz","",""
"","216","test_p1_evaluate_mcq_empty","tests.api","Sun May 17 16:16:47 UTC 2026","passed","Sun May 17 16:16:48 UTC 2026","TestQuizP1","test_quiz","",""
"P0: GET /v1/user/{id}/progress — user progress.","225","test_get_user_progress_new","tests.api","Sun May 17 16:05:51 UTC 2026","passed","Sun May 17 16:05:51 UTC 2026","TestInterviewNewEndpoints","test_interview","",""
"P1: DEL lesson without token → 401/403.","236","test_p1_delete_lesson_no_auth","tests.api","Sun May 17 16:05:21 UTC 2026","passed","Sun May 17 16:05:21 UTC 2026","TestCoursesNewEndpointsP1","test_courses","",""
"P1: POST /resumes/builder/generate with empty → 422.","254","test_p1_generate_resume_empty","tests.api","Sun May 17 16:17:08 UTC 2026","passed","Sun May 17 16:17:08 UTC 2026","TestResumeP1","test_resumes","",""
"","352","test_create_course","tests.api","Sun May 17 16:04:45 UTC 2026","passed","Sun May 17 16:04:46 UTC 2026","TestCoursesCRUD","test_courses","",""
"","220","test_p1_delete_bookmark_nonexistent","tests.api","Sun May 17 16:05:10 UTC 2026","passed","Sun May 17 16:05:11 UTC 2026","TestCoursesNotesP1","test_courses","",""
"P1: POST /admin/bulk-grants with empty → 422.","258","test_p1_bulk_grants_empty","tests.api","Sun May 17 16:04:37 UTC 2026","passed","Sun May 17 16:04:38 UTC 2026","TestBillingAdmin","test_billing","",""
"","234","test_p1_submit_practice_no_auth","tests.api","Sun May 17 16:05:15 UTC 2026","passed","Sun May 17 16:05:15 UTC 2026","TestCoursesQuizzesP1","test_courses","",""
"P0: List mentee IDPs.","220","test_idp_list_mentee_idps","tests.api","Sun May 17 16:03:50 UTC 2026","passed","Sun May 17 16:03:50 UTC 2026","TestAuthIDPCRUD","test_auth","",""
"P1: GET /resumes/99999 → 404.","304","test_p1_get_resume_nonexistent","tests.api","Sun May 17 16:17:06 UTC 2026","passed","Sun May 17 16:17:07 UTC 2026","TestResumeP1","test_resumes","",""
"GET /api/assessments/99999 → 404.","258","test_p1_get_assessment_nonexistent","tests.api","Sun May 17 16:03:01 UTC 2026","passed","Sun May 17 16:03:01 UTC 2026","TestAuthAssessmentsP1","test_auth","",""
"P0: POST /v1/analyze/session/final-score — compute final score.","242","test_analyze_session_final_score","tests.api","Sun May 17 16:05:48 UTC 2026","passed","Sun May 17 16:05:48 UTC 2026","TestInterviewNewEndpoints","test_interview","",""
"","338","test_list_assessments","tests.api","Sun May 17 16:15:11 UTC 2026","passed","Sun May 17 16:15:11 UTC 2026","TestQuizAPIs","test_quiz","",""
"","408","test_get_user_evaluation_by_admin","tests.api","Sun May 17 16:15:08 UTC 2026","passed","Sun May 17 16:15:09 UTC 2026","TestQuizAPIs","test_quiz","",""
"","247","test_patch_jd","tests.api","Sun May 17 16:04:06 UTC 2026","passed","Sun May 17 16:04:06 UTC 2026","TestAuthJDNewMethods","test_auth","",""
"","225","test_record_audio","tests.api","Sun May 17 16:05:44 UTC 2026","passed","Sun May 17 16:05:45 UTC 2026","TestAIInterview","test_interview","",""
"","220","test_update_assessment_p0","tests.api","Sun May 17 16:15:11 UTC 2026","passed","Sun May 17 16:15:12 UTC 2026","TestQuizAPIs","test_quiz","",""
"P1: POST /api/v1/course-reviews/99999/flags → 404.","220","test_p1_flag_review_nonexistent","tests.api","Sun May 17 16:05:21 UTC 2026","passed","Sun May 17 16:05:22 UTC 2026","TestCoursesNewEndpointsP1","test_courses","",""
"P1: POST /listings/search with empty body → 422.","249","test_p1_search_jobs_empty","tests.api","Sun May 17 16:06:04 UTC 2026","passed","Sun May 17 16:06:05 UTC 2026","TestJobsP1","test_jobs_endpoints","",""
"","219","test_p1_get_content_nonexistent","tests.api","Sun May 17 16:04:48 UTC 2026","passed","Sun May 17 16:04:49 UTC 2026","TestCoursesCRUDP1","test_courses","",""
"P1: POST /subscriptions with empty body → 422.","208","test_p1_upsert_subscription_empty","tests.api","Sun May 17 16:04:33 UTC 2026","passed","Sun May 17 16:04:33 UTC 2026","TestBillingSubscriptions","test_billing","",""
"","223","test_list_groups","tests.api","Sun May 17 16:03:57 UTC 2026","passed","Sun May 17 16:03:57 UTC 2026","TestAuthCompanyGroupsCRUD","test_auth","",""
"P1: GET /api/v1/resumes/99999/skills → 404.","260","test_p1_skills_nonexistent","tests.api","Sun May 17 16:17:20 UTC 2026","passed","Sun May 17 16:17:20 UTC 2026","TestResumeNewEndpointsP1","test_resumes","",""
"P0: GET /v1/mentors/{id}/reviews — mentor reviews.","475","test_get_mentor_reviews","tests.api","Sun May 17 16:06:28 UTC 2026","passed","Sun May 17 16:06:28 UTC 2026","TestMentorshipNewEndpoints","test_mentorship","",""
"","264","test_p1_flag_review_no_auth","tests.api","Sun May 17 16:04:59 UTC 2026","passed","Sun May 17 16:04:59 UTC 2026","TestCoursesReviewsP1","test_courses","",""
"P1: PUT /jobs/nonexistent → 404/422 (server may validate body first).","213","test_p1_update_job_nonexistent","tests.api","Sun May 17 16:06:02 UTC 2026","passed","Sun May 17 16:06:03 UTC 2026","TestJobsP1","test_jobs_endpoints","",""
"P0: Student starts an assessment attempt.","218","test_start_assessment_attempt","tests.api","Sun May 17 16:03:48 UTC 2026","passed","Sun May 17 16:03:48 UTC 2026","TestAuthAssessmentLifecycle","test_auth","",""
"P1: DEL /api/v1/resumes/99999 → 404.","263","test_p1_delete_nonexistent","tests.api","Sun May 17 16:17:21 UTC 2026","passed","Sun May 17 16:17:21 UTC 2026","TestResumeNewEndpointsP1","test_resumes","",""
"","555","test_p1_submit_review_invalid_rating","tests.api","Sun May 17 16:04:57 UTC 2026","passed","Sun May 17 16:04:57 UTC 2026","TestCoursesReviewsP1","test_courses","",""
"","1980","test_bulk_invite","tests.api","Sun May 17 16:03:58 UTC 2026","failed","Sun May 17 16:04:00 UTC 2026","TestAuthCompanyExtended","test_auth","",""
"","277","test_google","tests.api","Sun May 17 16:02:13 UTC 2026","passed","Sun May 17 16:02:14 UTC 2026","TestAuthOther","test_auth","",""
"","219","test_schedule_interview","tests.api","Sun May 17 16:02:32 UTC 2026","passed","Sun May 17 16:02:32 UTC 2026","TestAuthUniversity","test_auth","",""
"","1157","test_evaluate_mcq_answers","tests.api","Sun May 17 16:15:58 UTC 2026","passed","Sun May 17 16:16:00 UTC 2026","TestQuizAPIs","test_quiz","",""
"P1: GET /wallet/balance without token → 401/403.","242","test_p1_get_balance_no_auth","tests.api","Sun May 17 16:04:28 UTC 2026","passed","Sun May 17 16:04:28 UTC 2026","TestBillingWallet","test_billing","",""
"","122651","test_generate_mcq","tests.api","Sun May 17 16:08:40 UTC 2026","failed","Sun May 17 16:10:43 UTC 2026","TestQuizAPIs","test_quiz","",""
"PUT /auth/users/{id}/roles without token → 401/403.","332","test_p1_update_roles_no_auth","tests.api","Sun May 17 16:02:23 UTC 2026","passed","Sun May 17 16:02:24 UTC 2026","TestAuthProtectedP1","test_auth","",""
"P0: Get spending controls.","213","test_get_spending_controls","tests.api","Sun May 17 16:04:29 UTC 2026","passed","Sun May 17 16:04:29 UTC 2026","TestBillingWallet","test_billing","",""
"P0: GET /api/v1/it-journey/recommendations/{session_id}.","268","test_get_it_journey_recommendations","tests.api","Sun May 17 16:06:06 UTC 2026","passed","Sun May 17 16:06:07 UTC 2026","TestJobsITJourney","test_jobs_endpoints","",""
"","270","test_delete_company","tests.api","Sun May 17 16:05:56 UTC 2026","passed","Sun May 17 16:05:56 UTC 2026","TestJobsReal","test_jobs_endpoints","",""
"POST /v1/interview/reply without token → 401/403.","264","test_p1_submit_reply_no_auth","tests.api","Sun May 17 16:05:46 UTC 2026","passed","Sun May 17 16:05:46 UTC 2026","TestAIInterviewP1","test_interview","",""
"P0: GET /v1/me/notifications — list my notifications.","265","test_list_notifications","tests.api","Sun May 17 16:06:26 UTC 2026","passed","Sun May 17 16:06:27 UTC 2026","TestMentorshipNewEndpoints","test_mentorship","",""
"","634","test_metrics","tests.api","Sun May 17 16:04:45 UTC 2026","passed","Sun May 17 16:04:45 UTC 2026","TestCoursesHealth","test_courses","",""
"PUT /auth/api/company/99999 → 404.","238","test_p1_update_nonexistent_company","tests.api","Sun May 17 16:02:48 UTC 2026","passed","Sun May 17 16:02:48 UTC 2026","TestAuthUniversityP1","test_auth","",""
"P0: List all assessments.","260","test_list_assessments","tests.api","Sun May 17 16:02:58 UTC 2026","passed","Sun May 17 16:02:58 UTC 2026","TestAuthAssessments","test_auth","",""
"","2118","test_evaluate_aptitude","tests.api","Sun May 17 16:06:35 UTC 2026","passed","Sun May 17 16:06:37 UTC 2026","TestQuizAPIs","test_quiz","",""
"P0: POST /api/v1/course-reviews/{id}/flags — flag a review.","223","test_post_review_flags","tests.api","Sun May 17 16:05:16 UTC 2026","passed","Sun May 17 16:05:16 UTC 2026","TestCoursesNewEndpoints","test_courses","",""
"","254","test_list_all_active_companies","tests.api","Sun May 17 16:02:46 UTC 2026","passed","Sun May 17 16:02:46 UTC 2026","TestAuthUniversityP1","test_auth","",""
"","468","test_p1_list_courses_no_auth","tests.api","Sun May 17 16:04:49 UTC 2026","passed","Sun May 17 16:04:49 UTC 2026","TestCoursesCRUDP1","test_courses","",""
"P1: GET /jobs without token → 401/403.","260","test_p1_list_jobs_no_auth","tests.api","Sun May 17 16:06:03 UTC 2026","passed","Sun May 17 16:06:03 UTC 2026","TestJobsP1","test_jobs_endpoints","",""
"POST /auth/universities/my/pending-invites/accept for user without permission.","218","test_p1_accept_invite_without_permission","tests.api","Sun May 17 16:02:36 UTC 2026","passed","Sun May 17 16:02:36 UTC 2026","TestAuthUniversityP1","test_auth","",""
"GET /api/students/assessment-history without token → 401.","285","test_p1_student_history_no_auth","tests.api","Sun May 17 16:03:06 UTC 2026","passed","Sun May 17 16:03:07 UTC 2026","TestAuthStudentAssessmentsP1","test_auth","",""
"P0: POST /api/v1/resumes/builder/enhance-section.","483","test_builder_enhance_section","tests.api","Sun May 17 16:17:16 UTC 2026","passed","Sun May 17 16:17:17 UTC 2026","TestResumeNewEndpoints","test_resumes","",""
"P1: GET /v1/internal/idp-assessments/sessions/99999 → 404.","220","test_p1_get_idp_session_nonexistent","tests.api","Sun May 17 16:16:55 UTC 2026","failed","Sun May 17 16:16:56 UTC 2026","TestQuizNewEndpointsP1","test_quiz","",""
"","300","test_submit_practice_answer","tests.api","Sun May 17 16:05:13 UTC 2026","passed","Sun May 17 16:05:13 UTC 2026","TestCoursesQuizzes","test_courses","",""
"P0: GET /v1/interview/me/sessions/{id}/history — get my session history.","253","test_get_me_sessions_history","tests.api","Sun May 17 16:05:50 UTC 2026","passed","Sun May 17 16:05:50 UTC 2026","TestInterviewNewEndpoints","test_interview","",""
"","238","test_create_coding_question_pool_item_p0","tests.api","Sun May 17 16:15:13 UTC 2026","passed","Sun May 17 16:15:13 UTC 2026","TestQuizAPIs","test_quiz","",""
"P1: All IDP endpoints without token → 401/403.","939","test_p1_idp_no_auth","tests.api","Sun May 17 16:03:35 UTC 2026","passed","Sun May 17 16:03:36 UTC 2026","TestAuthIDPP1","test_auth","",""
"","123239","test_generate_behavioral_questions","tests.api","Sun May 17 16:10:43 UTC 2026","failed","Sun May 17 16:12:46 UTC 2026","TestQuizAPIs","test_quiz","",""
"P0: Add a mentee goal.","271","test_add_goal","tests.api","Sun May 17 16:06:14 UTC 2026","passed","Sun May 17 16:06:14 UTC 2026","TestMentorshipSkills","test_mentorship","",""
"","0","test_p1_admin_flag_review_empty","tests.api","Sun May 17 16:05:04 UTC 2026","skipped","Sun May 17 16:05:04 UTC 2026","TestCoursesAdminP1","test_courses","",""
"P0: List all JDs for your company.","248","test_list_jds","tests.api","Sun May 17 16:03:44 UTC 2026","passed","Sun May 17 16:03:44 UTC 2026","TestAuthJDExtended","test_auth","",""
"P0: Update mentorship roles (mentor/mentee).","269","test_update_roles","tests.api","Sun May 17 16:06:23 UTC 2026","passed","Sun May 17 16:06:23 UTC 2026","TestMentorshipOnboarding","test_mentorship","",""
"","257","test_p1_analyze_performance_gaps_empty","tests.api","Sun May 17 16:16:21 UTC 2026","passed","Sun May 17 16:16:21 UTC 2026","TestQuizP1","test_quiz","",""
"P1: GET /v1/evaluations/admin/99999 → 404.","297","test_p1_get_eval_admin_nonexistent","tests.api","Sun May 17 16:16:57 UTC 2026","passed","Sun May 17 16:16:57 UTC 2026","TestQuizNewEndpointsP1","test_quiz","",""
"P0: GET /v1/interview/me/history — get my interview history.","906","test_get_me_history","tests.api","Sun May 17 16:05:49 UTC 2026","passed","Sun May 17 16:05:50 UTC 2026","TestInterviewNewEndpoints","test_interview","",""
"P0: PUT /api/v1/pricing/packs/{id} — update a pricing pack.","208","test_update_pricing_pack","tests.api","Sun May 17 16:04:39 UTC 2026","passed","Sun May 17 16:04:39 UTC 2026","TestBillingNewEndpoints","test_billing","",""
"","219","test_create_group","tests.api","Sun May 17 16:04:14 UTC 2026","passed","Sun May 17 16:04:14 UTC 2026","TestAuthUniversities","test_auth","",""
"P1: DEL /api/v1/notes/99999 → 404.","235","test_p1_delete_note_nonexistent","tests.api","Sun May 17 16:05:23 UTC 2026","passed","Sun May 17 16:05:23 UTC 2026","TestCoursesNewEndpointsP1","test_courses","",""
"","240","test_add_group_member","tests.api","Sun May 17 16:04:15 UTC 2026","passed","Sun May 17 16:04:15 UTC 2026","TestAuthUniversities","test_auth","",""
"","346","test_struggling_students","tests.api","Sun May 17 16:04:59 UTC 2026","passed","Sun May 17 16:05:00 UTC 2026","TestCoursesAnalytics","test_courses","",""
"P0: GET /api/v1/it-journey/roles/{role_slug} — get role detail.","211","test_get_it_journey_role_detail","tests.api","Sun May 17 16:06:06 UTC 2026","passed","Sun May 17 16:06:06 UTC 2026","TestJobsITJourney","test_jobs_endpoints","",""
"","259","test_get_all_interviews_for_a_jd","tests.api","Sun May 17 16:02:42 UTC 2026","passed","Sun May 17 16:02:42 UTC 2026","TestAuthUniversityP1","test_auth","",""
"P1: POST /me/mentee/goals with empty body → 422.","280","test_p1_add_goal_empty","tests.api","Sun May 17 16:06:14 UTC 2026","passed","Sun May 17 16:06:14 UTC 2026","TestMentorshipSkills","test_mentorship","",""
"P0: POST /api/v1/course-reviews/{id}/votes — vote on a review.","221","test_post_review_votes","tests.api","Sun May 17 16:05:16 UTC 2026","passed","Sun May 17 16:05:17 UTC 2026","TestCoursesNewEndpoints","test_courses","",""
"P0: List company group members.","240","test_list_company_group_members","tests.api","Sun May 17 16:03:39 UTC 2026","passed","Sun May 17 16:03:39 UTC 2026","TestAuthCompanyGroups","test_auth","",""
"","274","test_p1_practice_questions_missing_topic","tests.api","Sun May 17 16:05:15 UTC 2026","passed","Sun May 17 16:05:15 UTC 2026","TestCoursesQuizzesP1","test_courses","",""
"P0: PATCH /v1/me/avatar — update avatar.","265","test_patch_me_avatar","tests.api","Sun May 17 16:06:25 UTC 2026","passed","Sun May 17 16:06:26 UTC 2026","TestMentorshipNewEndpoints","test_mentorship","",""
"","231","test_p1_recommend_no_auth","tests.api","Sun May 17 16:05:06 UTC 2026","passed","Sun May 17 16:05:07 UTC 2026","TestCoursesSearchP1","test_courses","",""
"POST /auth/register with already-used email → 409.","321","test_p1_register_duplicate_email","tests.api","Sun May 17 16:02:09 UTC 2026","passed","Sun May 17 16:02:09 UTC 2026","TestAuthPublicP1","test_auth","",""
"POST /auth/api/shortlist with non-existent jd_id → 404 or empty.","847","test_p1_shortlist_nonexistent_jd","tests.api","Sun May 17 16:02:40 UTC 2026","passed","Sun May 17 16:02:41 UTC 2026","TestAuthUniversityP1","test_auth","",""
"","261","test_list_participants","tests.api","Sun May 17 16:15:12 UTC 2026","passed","Sun May 17 16:15:13 UTC 2026","TestQuizAPIs","test_quiz","",""
"P1: POST /pricing/packs with empty body → 422.","254","test_p1_create_credit_pack_empty","tests.api","Sun May 17 16:04:32 UTC 2026","passed","Sun May 17 16:04:32 UTC 2026","TestBillingPricing","test_billing","",""
"","218","test_accept_my_pending_university_invite","tests.api","Sun May 17 16:02:25 UTC 2026","passed","Sun May 17 16:02:25 UTC 2026","TestAuthUniversity","test_auth","",""
"","364","test_generate_pdf","tests.api","Sun May 17 16:03:53 UTC 2026","passed","Sun May 17 16:03:54 UTC 2026","TestAuthAssessmentsCRUD","test_auth","",""
"P1: GET /api/v1/enrollments/99999/progress → 404.","233","test_p1_enrollment_progress_nonexistent","tests.api","Sun May 17 16:05:22 UTC 2026","passed","Sun May 17 16:05:22 UTC 2026","TestCoursesNewEndpointsP1","test_courses","",""
"P1: POST /idp/gap-analysis without required target_roles → 422.","267","test_p1_idp_gap_analysis_missing_target_roles","tests.api","Sun May 17 16:03:34 UTC 2026","passed","Sun May 17 16:03:34 UTC 2026","TestAuthIDPP1","test_auth","",""
"P0: PUT /api/v1/notes/{id}.","280","test_put_note","tests.api","Sun May 17 16:05:20 UTC 2026","passed","Sun May 17 16:05:20 UTC 2026","TestCoursesNewEndpoints","test_courses","",""
"GET /auth/users → 403 for non-admin.","216","test_p1_list_users_without_permission","tests.api","Sun May 17 16:02:37 UTC 2026","passed","Sun May 17 16:02:37 UTC 2026","TestAuthUniversityP1","test_auth","",""
"","238","test_schedule","tests.api","Sun May 17 16:03:56 UTC 2026","passed","Sun May 17 16:03:56 UTC 2026","TestAuthAssessmentsCRUD","test_auth","",""
"","337","test_parse_resume","tests.api","Sun May 17 16:17:02 UTC 2026","passed","Sun May 17 16:17:02 UTC 2026","TestResume","test_resumes","",""
"P1: POST /wallet/issue with empty body → 422.","319","test_p1_issue_credits_empty","tests.api","Sun May 17 16:04:30 UTC 2026","passed","Sun May 17 16:04:30 UTC 2026","TestBillingWallet","test_billing","",""
"P0: POST /v1/tests/schedule — schedule a test.","385","test_schedule_test","tests.api","Sun May 17 16:06:29 UTC 2026","passed","Sun May 17 16:06:29 UTC 2026","TestMentorshipNewEndpoints","test_mentorship","",""
"DELETE /users/{id} without token → 401.","861","test_p1_delete_user_no_auth","tests.api","Sun May 17 16:02:52 UTC 2026","passed","Sun May 17 16:02:53 UTC 2026","TestAuthDeleteUserP1","test_auth","",""
"P0: GET /v1/superadmin/mentors/by-email.","860","test_superadmin_mentors_by_email","tests.api","Sun May 17 16:06:30 UTC 2026","passed","Sun May 17 16:06:31 UTC 2026","TestMentorshipNewEndpoints","test_mentorship","",""
"POST /api/assessments/{id}/questions with empty body → 422.","237","test_p1_add_question_empty","tests.api","Sun May 17 16:03:04 UTC 2026","passed","Sun May 17 16:03:05 UTC 2026","TestAuthAssessmentQuestionsP1","test_auth","",""
"POST /auth/api/company/99999/assign-me → 404 or 409.","209","test_p1_assign_self_to_nonexistent_company","tests.api","Sun May 17 16:02:48 UTC 2026","passed","Sun May 17 16:02:49 UTC 2026","TestAuthUniversityP1","test_auth","",""
"P1: DELETE /companies/nonexistent → 404.","265","test_p1_delete_company_nonexistent","tests.api","Sun May 17 16:06:04 UTC 2026","passed","Sun May 17 16:06:04 UTC 2026","TestJobsP1","test_jobs_endpoints","",""
"","269","test_daily_active_users","tests.api","Sun May 17 16:04:59 UTC 2026","passed","Sun May 17 16:04:59 UTC 2026","TestCoursesAnalytics","test_courses","",""
"","214","test_p1_evaluate_code_empty","tests.api","Sun May 17 16:16:19 UTC 2026","passed","Sun May 17 16:16:20 UTC 2026","TestQuizP1","test_quiz","",""
"","216","test_p1_create_quiz_missing_fields","tests.api","Sun May 17 16:05:14 UTC 2026","passed","Sun May 17 16:05:14 UTC 2026","TestCoursesQuizzesP1","test_courses","",""
"","330","test_quiz_question_averages","tests.api","Sun May 17 16:05:01 UTC 2026","passed","Sun May 17 16:05:01 UTC 2026","TestCoursesAnalytics","test_courses","",""
"P1: PATCH /me/mentor/availability/99999 → 404 or 403 (not mentor).","217","test_p1_update_availability_nonexistent","tests.api","Sun May 17 16:06:19 UTC 2026","passed","Sun May 17 16:06:20 UTC 2026","TestMentorshipAvailability","test_mentorship","",""
"","429","test_get_progress","tests.api","Sun May 17 16:04:08 UTC 2026","passed","Sun May 17 16:04:09 UTC 2026","TestAuthClassrooms","test_auth","",""
"P1: POST /resumes/builder/enhance-section with empty → 422.","212","test_p1_enhance_section_empty","tests.api","Sun May 17 16:17:08 UTC 2026","passed","Sun May 17 16:17:08 UTC 2026","TestResumeP1","test_resumes","",""
"","13281","test_run_migration_admin","tests.api","Sun May 17 16:16:04 UTC 2026","passed","Sun May 17 16:16:18 UTC 2026","TestQuizAPIs","test_quiz","",""
"P1: POST /wallet/refund with empty body → 422.","211","test_p1_refund_empty","tests.api","Sun May 17 16:04:31 UTC 2026","passed","Sun May 17 16:04:31 UTC 2026","TestBillingWallet","test_billing","",""
"P1: Request superadmin to add users to your company.","263","test_request_add_users_to_company","tests.api","Sun May 17 16:03:37 UTC 2026","passed","Sun May 17 16:03:37 UTC 2026","TestAuthAddUserRequests","test_auth","",""
"","832","test_p1_role_no_auth","tests.api","Sun May 17 16:04:22 UTC 2026","passed","Sun May 17 16:04:23 UTC 2026","TestAuthNewP1","test_auth","",""
"","528","test_upload_resume","tests.api","Sun May 17 16:16:58 UTC 2026","passed","Sun May 17 16:16:59 UTC 2026","TestResume","test_resumes","",""
"P0: Get wallet balance.","290","test_get_balance","tests.api","Sun May 17 16:04:28 UTC 2026","passed","Sun May 17 16:04:28 UTC 2026","TestBillingWallet","test_billing","",""
"DELETE /auth/universities/{id}/groups/99999 → 404.","438","test_p1_delete_nonexistent_group","tests.api","Sun May 17 16:02:36 UTC 2026","passed","Sun May 17 16:02:36 UTC 2026","TestAuthUniversityP1","test_auth","",""
"P1: GET /api/shortlist/99999 → 404 or empty.","762","test_p1_get_shortlist_nonexistent_jd","tests.api","Sun May 17 16:03:13 UTC 2026","passed","Sun May 17 16:03:14 UTC 2026","TestAuthShortlistGetP1","test_auth","",""
"","238","test_check_duplicate","tests.api","Sun May 17 16:04:05 UTC 2026","passed","Sun May 17 16:04:05 UTC 2026","TestAuthJDNewMethods","test_auth","",""
"P0: Create a company group.","271","test_create_company_group","tests.api","Sun May 17 16:03:38 UTC 2026","passed","Sun May 17 16:03:39 UTC 2026","TestAuthCompanyGroups","test_auth","",""
"","262","test_get_session_admin","tests.api","Sun May 17 16:16:18 UTC 2026","passed","Sun May 17 16:16:18 UTC 2026","TestQuizAPIs","test_quiz","",""
"P1: GET /v1/user/1/progress without token → 401/403.","230","test_p1_user_progress_no_auth","tests.api","Sun May 17 16:05:54 UTC 2026","passed","Sun May 17 16:05:54 UTC 2026","TestInterviewNewEndpointsP1","test_interview","",""
"","0","test_transcribe_audio","tests.api","Sun May 17 16:05:45 UTC 2026","skipped","Sun May 17 16:05:45 UTC 2026","TestAIInterview","test_interview","",""
"","240","test_get_jd_by_user","tests.api","Sun May 17 16:04:05 UTC 2026","passed","Sun May 17 16:04:05 UTC 2026","TestAuthJDNewMethods","test_auth","",""
"POST /v1/interview/start-with-job without job_description → 422.","225","test_p1_start_interview_with_job_missing_jd","tests.api","Sun May 17 16:05:47 UTC 2026","passed","Sun May 17 16:05:47 UTC 2026","TestAIInterviewP1","test_interview","",""
"","255","test_create_note","tests.api","Sun May 17 16:05:07 UTC 2026","passed","Sun May 17 16:05:07 UTC 2026","TestCoursesNotes","test_courses","",""
"P0: Add AI-generated questions to an existing assessment.","217","test_ai_add_questions","tests.api","Sun May 17 16:03:14 UTC 2026","passed","Sun May 17 16:03:14 UTC 2026","TestAuthAIAddQuestions","test_auth","",""
"","407","test_p1_admin_flag_review_no_auth","tests.api","Sun May 17 16:05:04 UTC 2026","passed","Sun May 17 16:05:04 UTC 2026","TestCoursesAdminP1","test_courses","",""
"P1: GET /api/assessments/99999/generate-pdf-result → 404.","215","test_p1_generate_pdf_nonexistent","tests.api","Sun May 17 16:03:15 UTC 2026","passed","Sun May 17 16:03:15 UTC 2026","TestAuthGeneratePdfResultP1","test_auth","",""
"","281","test_resend_verification","tests.api","Sun May 17 16:02:15 UTC 2026","passed","Sun May 17 16:02:15 UTC 2026","TestAuthOther","test_auth","",""
"","214","test_process_add_user_request","tests.api","Sun May 17 16:04:03 UTC 2026","passed","Sun May 17 16:04:04 UTC 2026","TestAuthCompanyExtended","test_auth","",""
"","329","test_request_teacher_role","tests.api","Sun May 17 16:04:08 UTC 2026","passed","Sun May 17 16:04:08 UTC 2026","TestAuthClassrooms","test_auth","",""
"P1: Get all match results for a JD.","227","test_get_jd_matches","tests.api","Sun May 17 16:03:44 UTC 2026","passed","Sun May 17 16:03:44 UTC 2026","TestAuthJDExtended","test_auth","",""
"","1568","test_login","tests.api","Sun May 17 16:02:04 UTC 2026","passed","Sun May 17 16:02:06 UTC 2026","TestAuthPublic","test_auth","",""
"Cleanup: delete lifecycle assessment.","237","test_cleanup_delete","tests.api","Sun May 17 16:03:49 UTC 2026","passed","Sun May 17 16:03:49 UTC 2026","TestAuthAssessmentLifecycle","test_auth","",""
"P0: POST /api/v1/risk/accounts/{user_id}/freeze.","257","test_freeze_account","tests.api","Sun May 17 16:04:39 UTC 2026","passed","Sun May 17 16:04:40 UTC 2026","TestBillingNewEndpoints","test_billing","",""
"P0: Promote another employee to company admin.","241","test_promote_company_admin","tests.api","Sun May 17 16:03:36 UTC 2026","passed","Sun May 17 16:03:36 UTC 2026","TestAuthCompanyAdmin","test_auth","",""
"","2028","test_am_i_university_admin","tests.api","Sun May 17 16:02:25 UTC 2026","passed","Sun May 17 16:02:27 UTC 2026","TestAuthUniversity","test_auth","",""
"P0: Student submits an answer.","323","test_submit_assessment_answer","tests.api","Sun May 17 16:03:48 UTC 2026","passed","Sun May 17 16:03:48 UTC 2026","TestAuthAssessmentLifecycle","test_auth","",""
"P1: PUT /universities/99999 → 404.","220","test_p1_update_nonexistent_university","tests.api","Sun May 17 16:03:09 UTC 2026","passed","Sun May 17 16:03:10 UTC 2026","TestAuthUniversityCRUDP1","test_auth","",""
"P1: POST /jobs without token → 401/403.","276","test_p1_create_job_no_auth","tests.api","Sun May 17 16:06:02 UTC 2026","passed","Sun May 17 16:06:02 UTC 2026","TestJobsP1","test_jobs_endpoints","",""
"P1: POST /me/mentor/skills with empty body → 422.","215","test_p1_add_mentor_skill_empty","tests.api","Sun May 17 16:06:13 UTC 2026","passed","Sun May 17 16:06:13 UTC 2026","TestMentorshipSkills","test_mentorship","",""
"P1: Get JD content and file URL from S3.","234","test_get_jd_content","tests.api","Sun May 17 16:03:45 UTC 2026","passed","Sun May 17 16:03:45 UTC 2026","TestAuthJDExtended","test_auth","",""
"GET /api/assessments/99999/results → 404.","236","test_p1_get_results_nonexistent","tests.api","Sun May 17 16:03:01 UTC 2026","passed","Sun May 17 16:03:02 UTC 2026","TestAuthAssessmentsP1","test_auth","",""
"","245","test_evaluate_writing","tests.api","Sun May 17 16:12:49 UTC 2026","passed","Sun May 17 16:12:49 UTC 2026","TestQuizAPIs","test_quiz","",""
"PUT /auth/roles/99999 → 404.","243","test_p1_update_nonexistent_role","tests.api","Sun May 17 16:02:23 UTC 2026","passed","Sun May 17 16:02:23 UTC 2026","TestAuthProtectedP1","test_auth","",""
"P0: Healthz returns 200.","289","test_healthz","tests.api","Sun May 17 16:04:27 UTC 2026","passed","Sun May 17 16:04:27 UTC 2026","TestBillingHealth","test_billing","",""
"P0: POST /api/v1/subscriptions/{user_id}/pause.","208","test_pause_subscription_per_user","tests.api","Sun May 17 16:04:41 UTC 2026","passed","Sun May 17 16:04:41 UTC 2026","TestBillingNewEndpoints","test_billing","",""
"","229","test_bulk_invite","tests.api","Sun May 17 16:04:15 UTC 2026","passed","Sun May 17 16:04:16 UTC 2026","TestAuthUniversities","test_auth","",""
"P1: Get shortlisted candidates with enhanced info.","222","test_get_shortlisted_candidates_enhanced","tests.api","Sun May 17 16:03:46 UTC 2026","passed","Sun May 17 16:03:46 UTC 2026","TestAuthShortlistEnhanced","test_auth","",""
"P0: List pending goal status requests (mentor-only → may 403).","217","test_list_pending_goal_status_requests","tests.api","Sun May 17 16:06:15 UTC 2026","passed","Sun May 17 16:06:15 UTC 2026","TestMentorshipSkills","test_mentorship","",""
"","337","test_p1_record_quiz_result_no_auth","tests.api","Sun May 17 16:05:03 UTC 2026","passed","Sun May 17 16:05:03 UTC 2026","TestCoursesAnalyticsP1","test_courses","",""
"P1: GET /v1/mentees/99999/goals → 404 or empty.","315","test_p1_get_mentee_goals_nonexistent","tests.api","Sun May 17 16:06:32 UTC 2026","passed","Sun May 17 16:06:33 UTC 2026","TestMentorshipNewEndpointsP1","test_mentorship","",""
"","724","test_p1_get_user_evaluation_by_admin_unauthorized","tests.api","Sun May 17 16:16:22 UTC 2026","passed","Sun May 17 16:16:23 UTC 2026","TestQuizP1","test_quiz","",""
"","303","test_delete_bookmark","tests.api","Sun May 17 16:05:09 UTC 2026","passed","Sun May 17 16:05:09 UTC 2026","TestCoursesNotes","test_courses","",""
"","272","test_create_question","tests.api","Sun May 17 16:05:11 UTC 2026","passed","Sun May 17 16:05:11 UTC 2026","TestCoursesQuizzes","test_courses","",""
"P1: Check if a JD is duplicate.","422","test_check_duplicate_jd","tests.api","Sun May 17 16:03:44 UTC 2026","passed","Sun May 17 16:03:44 UTC 2026","TestAuthJDExtended","test_auth","",""
"P0: Get recommended mentors.","396","test_get_recommended_mentors","tests.api","Sun May 17 16:06:17 UTC 2026","passed","Sun May 17 16:06:17 UTC 2026","TestMentorshipDiscovery","test_mentorship","",""
"POST /auth/universities/{id}/groups with empty name – API currently accepts it.","216","test_p1_create_group_empty_name","tests.api","Sun May 17 16:02:35 UTC 2026","passed","Sun May 17 16:02:35 UTC 2026","TestAuthUniversityP1","test_auth","",""
"P1: GET /wallet/transactions without token → 401/403.","258","test_p1_list_transactions_no_auth","tests.api","Sun May 17 16:04:29 UTC 2026","passed","Sun May 17 16:04:29 UTC 2026","TestBillingWallet","test_billing","",""
"P0: Run matching for a stored JD and persist results.","914","test_run_matching_for_existing_jd","tests.api","Sun May 17 16:03:11 UTC 2026","passed","Sun May 17 16:03:12 UTC 2026","TestAuthStoredMatchResults","test_auth","",""
"P1: GET /v1/interview/analysis/FAKE → 404.","285","test_p1_analysis_nonexistent_session","tests.api","Sun May 17 16:05:53 UTC 2026","passed","Sun May 17 16:05:53 UTC 2026","TestInterviewNewEndpointsP1","test_interview","",""
"P0: GET /api/v1/courses/{id}/reviews — course reviews.","282","test_get_course_reviews_new","tests.api","Sun May 17 16:05:17 UTC 2026","passed","Sun May 17 16:05:17 UTC 2026","TestCoursesNewEndpoints","test_courses","",""
"P1: GET /jobs/stats → 200.","241","test_p1_get_stats","tests.api","Sun May 17 16:06:05 UTC 2026","passed","Sun May 17 16:06:05 UTC 2026","TestJobsP1","test_jobs_endpoints","",""
"P0: Root endpoint returns 200.","283","test_root","tests.api","Sun May 17 16:06:09 UTC 2026","passed","Sun May 17 16:06:09 UTC 2026","TestMentorshipHealth","test_mentorship","",""
"P1: GET /mentors/search with empty query → 200 (returns all) or 422.","854","test_p1_mentor_search_empty_query","tests.api","Sun May 17 16:06:16 UTC 2026","passed","Sun May 17 16:06:17 UTC 2026","TestMentorshipDiscovery","test_mentorship","",""
"POST /courses without required title → 422.","243","test_p1_create_course_missing_title","tests.api","Sun May 17 16:04:47 UTC 2026","passed","Sun May 17 16:04:48 UTC 2026","TestCoursesCRUDP1","test_courses","",""
"","217","test_p1_user_roles_nonexistent","tests.api","Sun May 17 16:04:24 UTC 2026","passed","Sun May 17 16:04:24 UTC 2026","TestAuthNewP1","test_auth","",""
"P1: Delete my IDP — using safe id 99999.","327","test_idp_delete_my_idp","tests.api","Sun May 17 16:03:51 UTC 2026","passed","Sun May 17 16:03:51 UTC 2026","TestAuthIDPCRUD","test_auth","",""
"","364","test_p1_bulk_invite_no_auth","tests.api","Sun May 17 16:04:19 UTC 2026","passed","Sun May 17 16:04:19 UTC 2026","TestAuthNewP1","test_auth","",""
"","413","test_list_my_sessions","tests.api","Sun May 17 16:16:02 UTC 2026","passed","Sun May 17 16:16:02 UTC 2026","TestQuizAPIs","test_quiz","",""
"","1092","test_p1_create_module_no_auth","tests.api","Sun May 17 16:04:50 UTC 2026","passed","Sun May 17 16:04:51 UTC 2026","TestCoursesModulesP1","test_courses","",""
"","301","test_health","tests.api","Sun May 17 16:15:03 UTC 2026","passed","Sun May 17 16:15:03 UTC 2026","TestQuizAPIs","test_quiz","",""
"","236","test_health","tests.api","Sun May 17 16:05:45 UTC 2026","passed","Sun May 17 16:05:45 UTC 2026","TestAIInterview","test_interview","",""
"","354","test_leave_your_current_company","tests.api","Sun May 17 16:02:49 UTC 2026","passed","Sun May 17 16:02:50 UTC 2026","TestAuthUniversityP1","test_auth","",""
"P0: Get assessment detail by ID.","254","test_get_assessment","tests.api","Sun May 17 16:02:58 UTC 2026","passed","Sun May 17 16:02:59 UTC 2026","TestAuthAssessments","test_auth","",""
"P1: GET /mentors/recommended without token → 401.","232","test_p1_recommended_no_auth","tests.api","Sun May 17 16:06:17 UTC 2026","passed","Sun May 17 16:06:18 UTC 2026","TestMentorshipDiscovery","test_mentorship","",""
"","218","test_remove_university_group_members","tests.api","Sun May 17 16:02:28 UTC 2026","passed","Sun May 17 16:02:28 UTC 2026","TestAuthUniversity","test_auth","",""
"","122888","test_generate_challenge","tests.api","Sun May 17 16:06:37 UTC 2026","failed","Sun May 17 16:08:40 UTC 2026","TestQuizAPIs","test_quiz","",""
"P1: DEL /v1/me/experiences/99999 → 404.","264","test_p1_delete_experience_nonexistent","tests.api","Sun May 17 16:06:31 UTC 2026","passed","Sun May 17 16:06:31 UTC 2026","TestMentorshipNewEndpointsP1","test_mentorship","",""
"P0: List all sessions.","249","test_list_sessions","tests.api","Sun May 17 16:06:21 UTC 2026","passed","Sun May 17 16:06:21 UTC 2026","TestMentorshipSessions","test_mentorship","",""
"","242","test_get_classroom","tests.api","Sun May 17 16:04:08 UTC 2026","passed","Sun May 17 16:04:08 UTC 2026","TestAuthClassrooms","test_auth","",""
"P0: DEL /api/v1/pricing/packs/{id} — delete a pricing pack (safe id).","206","test_delete_pricing_pack","tests.api","Sun May 17 16:04:39 UTC 2026","passed","Sun May 17 16:04:39 UTC 2026","TestBillingNewEndpoints","test_billing","",""
"POST /auth/register with empty body → 422.","932","test_p1_register_empty_payload","tests.api","Sun May 17 16:02:06 UTC 2026","passed","Sun May 17 16:02:07 UTC 2026","TestAuthPublicP1","test_auth","",""
"","323","test_bookmark_count","tests.api","Sun May 17 16:05:09 UTC 2026","passed","Sun May 17 16:05:09 UTC 2026","TestCoursesNotes","test_courses","",""
"POST /auth/universities/my/pending-invites/reject for user without permission.","321","test_p1_reject_invite_without_permission","tests.api","Sun May 17 16:02:37 UTC 2026","passed","Sun May 17 16:02:37 UTC 2026","TestAuthUniversityP1","test_auth","",""
"","259","test_oauth_google_authorize","tests.api","Sun May 17 16:02:13 UTC 2026","passed","Sun May 17 16:02:13 UTC 2026","TestAuthOther","test_auth","",""
"P1: DEL /api/v1/courses/{id} without token → 401/403.","287","test_p1_delete_course_no_auth","tests.api","Sun May 17 16:05:21 UTC 2026","passed","Sun May 17 16:05:21 UTC 2026","TestCoursesNewEndpointsP1","test_courses","",""
"","238","test_del_question","tests.api","Sun May 17 16:03:55 UTC 2026","passed","Sun May 17 16:03:55 UTC 2026","TestAuthAssessmentsCRUD","test_auth","",""
"","2623","test_populate_coding_question_pool","tests.api","Sun May 17 16:15:14 UTC 2026","passed","Sun May 17 16:15:17 UTC 2026","TestQuizAPIs","test_quiz","",""
"P0: Create a JD from structured form.","228","test_create_jd","tests.api","Sun May 17 16:02:53 UTC 2026","passed","Sun May 17 16:02:54 UTC 2026","TestAuthJDCreate","test_auth","",""
"","1212","test_list_resumes","tests.api","Sun May 17 16:16:59 UTC 2026","passed","Sun May 17 16:17:00 UTC 2026","TestResume","test_resumes","",""
"","216","test_complete_lesson","tests.api","Sun May 17 16:04:54 UTC 2026","passed","Sun May 17 16:04:54 UTC 2026","TestCoursesEnrollments","test_courses","",""
"GET /api/assessments without token → 401.","292","test_p1_list_assessments_no_auth","tests.api","Sun May 17 16:03:01 UTC 2026","passed","Sun May 17 16:03:01 UTC 2026","TestAuthAssessmentsP1","test_auth","",""
"P0: Admin can list all universities.","244","test_list_universities","tests.api","Sun May 17 16:03:08 UTC 2026","passed","Sun May 17 16:03:09 UTC 2026","TestAuthUniversityCRUD","test_auth","",""
"P0: List all available skills.","231","test_list_skills","tests.api","Sun May 17 16:06:11 UTC 2026","passed","Sun May 17 16:06:12 UTC 2026","TestMentorshipSkills","test_mentorship","",""
"P1: GET /sessions without token → 401.","285","test_p1_list_sessions_no_auth","tests.api","Sun May 17 16:06:21 UTC 2026","passed","Sun May 17 16:06:21 UTC 2026","TestMentorshipSessions","test_mentorship","",""
"P0: Suggest roles based on skills.","1223","test_idp_suggest_roles","tests.api","Sun May 17 16:03:16 UTC 2026","passed","Sun May 17 16:03:17 UTC 2026","TestAuthIDP","test_auth","",""
"","220","test_list_group_members","tests.api","Sun May 17 16:04:15 UTC 2026","passed","Sun May 17 16:04:15 UTC 2026","TestAuthUniversities","test_auth","",""
"","2132","test_evaluate_company_answer","tests.api","Sun May 17 16:15:00 UTC 2026","failed","Sun May 17 16:15:03 UTC 2026","TestQuizAPIs","test_quiz","",""
"","433","test_get_assessment","tests.api","Sun May 17 16:03:52 UTC 2026","passed","Sun May 17 16:03:52 UTC 2026","TestAuthAssessmentsCRUD","test_auth","",""
"P1: Get students scheduled for interviews for a JD.","285","test_get_jd_interview_scheduled","tests.api","Sun May 17 16:03:45 UTC 2026","passed","Sun May 17 16:03:45 UTC 2026","TestAuthJDExtended","test_auth","",""
"P1: DELETE /me/mentor/availability/99999 → 404 or 403.","281","test_p1_delete_availability_nonexistent","tests.api","Sun May 17 16:06:20 UTC 2026","passed","Sun May 17 16:06:20 UTC 2026","TestMentorshipAvailability","test_mentorship","",""
"","238","test_bulk_invite_students","tests.api","Sun May 17 16:02:24 UTC 2026","passed","Sun May 17 16:02:24 UTC 2026","TestAuthUniversity","test_auth","",""
"GET /api/students/results/99999 → 404.","275","test_p1_student_result_detail_nonexistent","tests.api","Sun May 17 16:03:07 UTC 2026","passed","Sun May 17 16:03:07 UTC 2026","TestAuthStudentAssessmentsP1","test_auth","",""
"","271","test_evaluate_behavioral","tests.api","Sun May 17 16:12:46 UTC 2026","passed","Sun May 17 16:12:46 UTC 2026","TestQuizAPIs","test_quiz","",""
"GET /api/students/results/{id} without token → 401.","286","test_p1_student_result_detail_no_auth","tests.api","Sun May 17 16:03:07 UTC 2026","passed","Sun May 17 16:03:08 UTC 2026","TestAuthStudentAssessmentsP1","test_auth","",""
"","219","test_shortlist_enhanced","tests.api","Sun May 17 16:04:06 UTC 2026","passed","Sun May 17 16:04:06 UTC 2026","TestAuthJDNewMethods","test_auth","",""
"POST /auth/api/jd/ingest/json with empty body → 422.","217","test_p1_ingest_jd_structured_empty_payload","tests.api","Sun May 17 16:02:39 UTC 2026","passed","Sun May 17 16:02:39 UTC 2026","TestAuthUniversityP1","test_auth","",""
"P0: Admin can delete a university (or 404 if not found).","241","test_delete_university","tests.api","Sun May 17 16:03:09 UTC 2026","passed","Sun May 17 16:03:09 UTC 2026","TestAuthUniversityCRUD","test_auth","",""
"P1: GET /jobs/nonexistent/audits → 404.","213","test_p1_audits_nonexistent","tests.api","Sun May 17 16:06:05 UTC 2026","passed","Sun May 17 16:06:06 UTC 2026","TestJobsP1","test_jobs_endpoints","",""
"P1: GET /api/v1/it-journey/explain/FAKE/backend-developer → 404.","215","test_p1_get_explain_nonexistent_session","tests.api","Sun May 17 16:06:09 UTC 2026","passed","Sun May 17 16:06:09 UTC 2026","TestJobsITJourneyP1","test_jobs_endpoints","",""
"P1: POST /api/v1/tenants/{id}/wallet/transfer with empty → 422.","207","test_p1_tenant_transfer_empty","tests.api","Sun May 17 16:04:43 UTC 2026","passed","Sun May 17 16:04:43 UTC 2026","TestBillingNewEndpointsP1","test_billing","",""
"","810","test_track_candidate_pipeline_progress","tests.api","Sun May 17 16:02:43 UTC 2026","passed","Sun May 17 16:02:44 UTC 2026","TestAuthUniversityP1","test_auth","",""
"","837","test_delete_role","tests.api","Sun May 17 16:02:20 UTC 2026","passed","Sun May 17 16:02:21 UTC 2026","TestAuthProtected","test_auth","",""
"P1: POST /api/v1/it-journey/session with empty body → 422.","255","test_p1_create_session_empty","tests.api","Sun May 17 16:06:07 UTC 2026","passed","Sun May 17 16:06:08 UTC 2026","TestJobsITJourneyP1","test_jobs_endpoints","",""
"P1: POST /me/mentor/availability without token → 401.","316","test_p1_create_availability_no_auth","tests.api","Sun May 17 16:06:19 UTC 2026","passed","Sun May 17 16:06:19 UTC 2026","TestMentorshipAvailability","test_mentorship","",""
"","215","test_p1_search_missing_query","tests.api","Sun May 17 16:05:05 UTC 2026","passed","Sun May 17 16:05:05 UTC 2026","TestCoursesSearchP1","test_courses","",""
"P1: Student final submission.","220","test_final_submit_assessment","tests.api","Sun May 17 16:03:48 UTC 2026","passed","Sun May 17 16:03:49 UTC 2026","TestAuthAssessmentLifecycle","test_auth","",""
"","244","test_get_role","tests.api","Sun May 17 16:04:12 UTC 2026","passed","Sun May 17 16:04:13 UTC 2026","TestAuthRolesCRUD","test_auth","",""
"P0: POST /api/v1/resumes/{id}/re-analyze.","292","test_re_analyze_resume","tests.api","Sun May 17 16:17:17 UTC 2026","passed","Sun May 17 16:17:18 UTC 2026","TestResumeNewEndpoints","test_resumes","",""
"","219","test_assign_admin","tests.api","Sun May 17 16:04:14 UTC 2026","passed","Sun May 17 16:04:14 UTC 2026","TestAuthUniversities","test_auth","",""
"","297","test_update_note","tests.api","Sun May 17 16:05:07 UTC 2026","passed","Sun May 17 16:05:08 UTC 2026","TestCoursesNotes","test_courses","",""
"","2285","test_generate_writing_prompt","tests.api","Sun May 17 16:12:46 UTC 2026","failed","Sun May 17 16:12:49 UTC 2026","TestQuizAPIs","test_quiz","",""
"P0: POST /v1/mentors/{id}/subscribe — subscribe to a mentor.","219","test_subscribe_to_mentor","tests.api","Sun May 17 16:06:27 UTC 2026","passed","Sun May 17 16:06:27 UTC 2026","TestMentorshipNewEndpoints","test_mentorship","",""
"","220","test_p1_export_csv_nonexistent","tests.api","Sun May 17 16:04:18 UTC 2026","passed","Sun May 17 16:04:18 UTC 2026","TestAuthNewP1","test_auth","",""
"","833","test_p1_suggestions_no_auth","tests.api","Sun May 17 16:05:06 UTC 2026","passed","Sun May 17 16:05:06 UTC 2026","TestCoursesSearchP1","test_courses","",""
"","261","test_oauth_google_exchange","tests.api","Sun May 17 16:02:13 UTC 2026","passed","Sun May 17 16:02:13 UTC 2026","TestAuthOther","test_auth","",""
"","450","test_getrole","tests.api","Sun May 17 16:02:20 UTC 2026","passed","Sun May 17 16:02:20 UTC 2026","TestAuthProtected","test_auth","",""
"","225","test_update_company","tests.api","Sun May 17 16:05:55 UTC 2026","passed","Sun May 17 16:05:56 UTC 2026","TestJobsReal","test_jobs_endpoints","",""
"","238","test_assign_any_user_to_a_company","tests.api","Sun May 17 16:02:49 UTC 2026","passed","Sun May 17 16:02:49 UTC 2026","TestAuthUniversityP1","test_auth","",""
"POST /auth/api/shortlist without token → 401/403.","877","test_p1_shortlist_no_auth","tests.api","Sun May 17 16:02:40 UTC 2026","passed","Sun May 17 16:02:40 UTC 2026","TestAuthUniversityP1","test_auth","",""
"","225","test_vote_course_review","tests.api","Sun May 17 16:04:56 UTC 2026","passed","Sun May 17 16:04:56 UTC 2026","TestCoursesReviews","test_courses","",""
"","308","test_p1_get_session_admin_unauthorized","tests.api","Sun May 17 16:16:49 UTC 2026","passed","Sun May 17 16:16:50 UTC 2026","TestQuizP1","test_quiz","",""
"P1: GET /v1/interview/me/sessions/FAKE/history → 404.","233","test_p1_me_session_history_nonexistent","tests.api","Sun May 17 16:05:53 UTC 2026","passed","Sun May 17 16:05:53 UTC 2026","TestInterviewNewEndpointsP1","test_interview","",""
"GET /auth/api/company without token → 401/403.","253","test_p1_list_companies_no_auth","tests.api","Sun May 17 16:02:46 UTC 2026","passed","Sun May 17 16:02:46 UTC 2026","TestAuthUniversityP1","test_auth","",""
"GET /auth/universities/{id}/groups/99999/members → 404 or empty.","214","test_p1_list_group_members_nonexistent_group","tests.api","Sun May 17 16:02:35 UTC 2026","passed","Sun May 17 16:02:36 UTC 2026","TestAuthUniversityP1","test_auth","",""
"","262","test_p1_idp_assessment_no_auth","tests.api","Sun May 17 16:04:21 UTC 2026","passed","Sun May 17 16:04:21 UTC 2026","TestAuthNewP1","test_auth","",""
"P1: POST /wallet/consume with empty body → 422.","328","test_p1_consume_credits_empty","tests.api","Sun May 17 16:04:29 UTC 2026","passed","Sun May 17 16:04:30 UTC 2026","TestBillingWallet","test_billing","",""
"P0: GET /v1/interview/analysis/{session_id} — get analysis for a session.","238","test_get_analysis_by_session","tests.api","Sun May 17 16:05:50 UTC 2026","passed","Sun May 17 16:05:50 UTC 2026","TestInterviewNewEndpoints","test_interview","",""
"","208","test_oauth_linkedin_exchange","tests.api","Sun May 17 16:02:14 UTC 2026","passed","Sun May 17 16:02:14 UTC 2026","TestAuthOther","test_auth","",""
"","220","test_health","tests.api","Sun May 17 16:17:06 UTC 2026","passed","Sun May 17 16:17:06 UTC 2026","TestResume","test_resumes","",""
"","1338","test_get_all_evaluation_by_admin","tests.api","Sun May 17 16:15:09 UTC 2026","passed","Sun May 17 16:15:10 UTC 2026","TestQuizAPIs","test_quiz","",""
"","1827","test_list_all_sessions_admin","tests.api","Sun May 17 16:16:02 UTC 2026","passed","Sun May 17 16:16:04 UTC 2026","TestQuizAPIs","test_quiz","",""
"","213","test_p1_evaluate_behavioral_empty","tests.api","Sun May 17 16:16:20 UTC 2026","passed","Sun May 17 16:16:20 UTC 2026","TestQuizP1","test_quiz","",""
"P1: GET without token → 401/403/404 (may 404 before auth check).","351","test_p1_get_recommendations_no_auth","tests.api","Sun May 17 16:06:09 UTC 2026","passed","Sun May 17 16:06:09 UTC 2026","TestJobsITJourneyP1","test_jobs_endpoints","",""
"P0: GET /v1/mentees/{id}/goals — get mentee goals (mentor view).","286","test_get_mentee_goals","tests.api","Sun May 17 16:06:28 UTC 2026","passed","Sun May 17 16:06:28 UTC 2026","TestMentorshipNewEndpoints","test_mentorship","",""
"
        Populate endpoint may be admin-only.
        Allow non-5xx responses.
        ","1848","test_populate_database","tests.api","Sun May 17 16:06:00 UTC 2026","passed","Sun May 17 16:06:02 UTC 2026","TestJobsReal","test_jobs_endpoints","",""
"","257","test_healthz","tests.api","Sun May 17 16:17:06 UTC 2026","passed","Sun May 17 16:17:06 UTC 2026","TestResume","test_resumes","",""
"P0: GET /api/v1/lessons/{id}/notes.","283","test_get_lesson_notes","tests.api","Sun May 17 16:05:18 UTC 2026","passed","Sun May 17 16:05:18 UTC 2026","TestCoursesNewEndpoints","test_courses","",""
"","219","test_put_assessment","tests.api","Sun May 17 16:03:52 UTC 2026","passed","Sun May 17 16:03:53 UTC 2026","TestAuthAssessmentsCRUD","test_auth","",""
"POST /api/evaluation/evaluate-answer for id 99999 → 404.","218","test_p1_evaluate_answer_nonexistent","tests.api","Sun May 17 16:03:08 UTC 2026","passed","Sun May 17 16:03:08 UTC 2026","TestAuthEvaluationP1","test_auth","",""
"P1: POST /api/v1/tenants/{id}/wallet/issue with empty → 422.","207","test_p1_tenant_issue_empty","tests.api","Sun May 17 16:04:43 UTC 2026","passed","Sun May 17 16:04:43 UTC 2026","TestBillingNewEndpointsP1","test_billing","",""
"P1: PATCH /v1/tests/99999/submit → 404.","218","test_p1_submit_test_nonexistent","tests.api","Sun May 17 16:06:33 UTC 2026","passed","Sun May 17 16:06:33 UTC 2026","TestMentorshipNewEndpointsP1","test_mentorship","",""
"","714","test_update_module","tests.api","Sun May 17 16:04:50 UTC 2026","passed","Sun May 17 16:04:50 UTC 2026","TestCoursesModules","test_courses","",""
"P0: GET /v1/user/{id}/history — user history.","227","test_get_user_history_new","tests.api","Sun May 17 16:05:51 UTC 2026","failed","Sun May 17 16:05:52 UTC 2026","TestInterviewNewEndpoints","test_interview","",""
"P1: PUT /companies/nonexistent → 404.","210","test_p1_update_company_nonexistent","tests.api","Sun May 17 16:06:03 UTC 2026","passed","Sun May 17 16:06:04 UTC 2026","TestJobsP1","test_jobs_endpoints","",""
"P0: List dead usage queue.","1893","test_list_dead_usage_queue","tests.api","Sun May 17 16:04:35 UTC 2026","failed","Sun May 17 16:04:37 UTC 2026","TestBillingAdmin","test_billing","",""
"","231","test_recommend_courses","tests.api","Sun May 17 16:05:05 UTC 2026","passed","Sun May 17 16:05:05 UTC 2026","TestCoursesSearch","test_courses","",""
"","210","test_assign_yourself_to_a_company","tests.api","Sun May 17 16:02:48 UTC 2026","passed","Sun May 17 16:02:48 UTC 2026","TestAuthUniversityP1","test_auth","",""
"P1: Delete (deactivate) a JD — using a safe ID.","220","test_delete_jd","tests.api","Sun May 17 16:03:46 UTC 2026","passed","Sun May 17 16:03:46 UTC 2026","TestAuthJDExtended","test_auth","",""
"P1: POST /me/roles with empty body → 200 (no-op) or 422.","268","test_p1_update_roles_empty","tests.api","Sun May 17 16:06:23 UTC 2026","passed","Sun May 17 16:06:24 UTC 2026","TestMentorshipOnboarding","test_mentorship","",""
"P0: Get current subscription.","218","test_get_my_subscription","tests.api","Sun May 17 16:04:32 UTC 2026","passed","Sun May 17 16:04:32 UTC 2026","TestBillingSubscriptions","test_billing","",""
"POST /auth/api/company/profile duplicate name → 409.","485","test_p1_create_company_duplicate","tests.api","Sun May 17 16:02:44 UTC 2026","passed","Sun May 17 16:02:45 UTC 2026","TestAuthUniversityP1","test_auth","",""
"","377","test_get_assessment_questions","tests.api","Sun May 17 16:15:10 UTC 2026","passed","Sun May 17 16:15:11 UTC 2026","TestQuizAPIs","test_quiz","",""
"","240","test_create_group","tests.api","Sun May 17 16:03:57 UTC 2026","passed","Sun May 17 16:03:57 UTC 2026","TestAuthCompanyGroupsCRUD","test_auth","",""
"GET /v1/interview/analysis/FAKE → 404.","265","test_p1_get_analysis_invalid_session","tests.api","Sun May 17 16:05:48 UTC 2026","passed","Sun May 17 16:05:48 UTC 2026","TestAIInterviewP1","test_interview","",""
"P1: POST /me/mentee/goals/99999/request-status → 404 or 422.","216","test_p1_request_goal_status_change_nonexistent","tests.api","Sun May 17 16:06:14 UTC 2026","passed","Sun May 17 16:06:15 UTC 2026","TestMentorshipSkills","test_mentorship","",""
"P1: PATCH /me with empty body → 200 (no-op) or 422.","274","test_p1_update_me_empty_payload","tests.api","Sun May 17 16:06:11 UTC 2026","passed","Sun May 17 16:06:11 UTC 2026","TestMentorshipProfile","test_mentorship","",""
"P0: GET /v1/user/{id}/profile — user profile via new auto-generated method.","289","test_get_user_profile_new","tests.api","Sun May 17 16:05:51 UTC 2026","passed","Sun May 17 16:05:51 UTC 2026","TestInterviewNewEndpoints","test_interview","",""
"P1: GET /v1/sessions/99999/idp → 404.","249","test_p1_get_session_idp_nonexistent","tests.api","Sun May 17 16:06:33 UTC 2026","passed","Sun May 17 16:06:33 UTC 2026","TestMentorshipNewEndpointsP1","test_mentorship","",""
"P0: GET /v1/sessions/me/skill-scores — get my session skill scores.","380","test_get_my_session_skill_scores","tests.api","Sun May 17 16:16:51 UTC 2026","passed","Sun May 17 16:16:51 UTC 2026","TestQuizNewEndpoints","test_quiz","",""
"POST /auth/register without email → 422.","303","test_p1_register_missing_email","tests.api","Sun May 17 16:02:07 UTC 2026","passed","Sun May 17 16:02:07 UTC 2026","TestAuthPublicP1","test_auth","",""
"P1: POST /api/v1/resumes/builder/export/pdf without token → 401/403.","252","test_p1_builder_export_no_auth","tests.api","Sun May 17 16:17:21 UTC 2026","passed","Sun May 17 16:17:21 UTC 2026","TestResumeNewEndpointsP1","test_resumes","",""
"POST /auth/api/company/99999/assign-user/1 → 404 or 409.","235","test_p1_assign_user_to_nonexistent_company","tests.api","Sun May 17 16:02:49 UTC 2026","passed","Sun May 17 16:02:49 UTC 2026","TestAuthUniversityP1","test_auth","",""
"","420","test_list_jobs","tests.api","Sun May 17 16:05:56 UTC 2026","passed","Sun May 17 16:05:57 UTC 2026","TestJobsReal","test_jobs_endpoints","",""
"","18194","test_p1_populate_python_questions_unauthorized","tests.api","Sun May 17 16:16:28 UTC 2026","passed","Sun May 17 16:16:46 UTC 2026","TestQuizP1","test_quiz","",""
"","434","test_del_user_role_safe","tests.api","Sun May 17 16:04:16 UTC 2026","passed","Sun May 17 16:04:17 UTC 2026","TestAuthUserRoles","test_auth","",""
"","216","test_p1_university_group_empty","tests.api","Sun May 17 16:04:23 UTC 2026","passed","Sun May 17 16:04:24 UTC 2026","TestAuthNewP1","test_auth","",""
"P1: POST /subscriptions/99999/pause → 404.","258","test_p1_pause_nonexistent","tests.api","Sun May 17 16:04:33 UTC 2026","passed","Sun May 17 16:04:33 UTC 2026","TestBillingSubscriptions","test_billing","",""
"","567","test_get_coding_question_pool_item_by_slug","tests.api","Sun May 17 16:15:14 UTC 2026","passed","Sun May 17 16:15:14 UTC 2026","TestQuizAPIs","test_quiz","",""
"P0: POST /api/v1/lessons/{id}/notes — create a note.","283","test_post_lesson_note","tests.api","Sun May 17 16:05:18 UTC 2026","passed","Sun May 17 16:05:19 UTC 2026","TestCoursesNewEndpoints","test_courses","",""
"","268","test_submit_question","tests.api","Sun May 17 16:03:55 UTC 2026","passed","Sun May 17 16:03:55 UTC 2026","TestAuthAssessmentsCRUD","test_auth","",""
"P0: GET /v1/analyze/session/{id}/metrics — session metrics.","235","test_get_analyze_session_metrics","tests.api","Sun May 17 16:05:50 UTC 2026","passed","Sun May 17 16:05:50 UTC 2026","TestInterviewNewEndpoints","test_interview","",""
"","257","test_p1_start_assessment_nonexistent","tests.api","Sun May 17 16:16:25 UTC 2026","passed","Sun May 17 16:16:25 UTC 2026","TestQuizP1","test_quiz","",""
"P0: GET /api/v1/tenants/{tenant_id}/wallet/balance.","208","test_get_tenant_wallet_balance","tests.api","Sun May 17 16:04:40 UTC 2026","passed","Sun May 17 16:04:41 UTC 2026","TestBillingNewEndpoints","test_billing","",""
"","215","test_p1_search_empty_query","tests.api","Sun May 17 16:05:05 UTC 2026","passed","Sun May 17 16:05:06 UTC 2026","TestCoursesSearchP1","test_courses","",""
"POST /api/evaluation/evaluate-answer with empty body → 422.","213","test_p1_evaluate_answer_empty_payload","tests.api","Sun May 17 16:03:08 UTC 2026","passed","Sun May 17 16:03:08 UTC 2026","TestAuthEvaluationP1","test_auth","",""
"","245","test_list_course_reviews","tests.api","Sun May 17 16:04:56 UTC 2026","passed","Sun May 17 16:04:56 UTC 2026","TestCoursesReviews","test_courses","",""
"Login with correct email but wrong password → 401.","1434","test_p1_login_wrong_password","tests.api","Sun May 17 16:02:09 UTC 2026","passed","Sun May 17 16:02:11 UTC 2026","TestAuthPublicP1","test_auth","",""
"","427","test_create_classroom","tests.api","Sun May 17 16:04:06 UTC 2026","passed","Sun May 17 16:04:07 UTC 2026","TestAuthClassrooms","test_auth","",""
"P0: Get usage heatmap.","221","test_usage_heatmap","tests.api","Sun May 17 16:04:38 UTC 2026","passed","Sun May 17 16:04:38 UTC 2026","TestBillingReports","test_billing","",""
"","248","test_list_idp_my_idps","tests.api","Sun May 17 16:04:11 UTC 2026","passed","Sun May 17 16:04:11 UTC 2026","TestAuthIDPAssessments","test_auth","",""
"P1: GET /api/v1/resumes/99999/analysis → 404.","327","test_p1_analysis_nonexistent","tests.api","Sun May 17 16:17:20 UTC 2026","passed","Sun May 17 16:17:20 UTC 2026","TestResumeNewEndpointsP1","test_resumes","",""
"P1: POST /admin/manual-adjustment with empty → 422.","209","test_p1_manual_adjustment_empty","tests.api","Sun May 17 16:04:37 UTC 2026","passed","Sun May 17 16:04:37 UTC 2026","TestBillingAdmin","test_billing","",""
"","1710","test_invite_by_resume","tests.api","Sun May 17 16:04:00 UTC 2026","failed","Sun May 17 16:04:02 UTC 2026","TestAuthCompanyExtended","test_auth","",""
"","280","test_create_job","tests.api","Sun May 17 16:05:56 UTC 2026","passed","Sun May 17 16:05:56 UTC 2026","TestJobsReal","test_jobs_endpoints","",""
"POST /api/jd/create with empty body → 422.","429","test_p1_create_jd_empty_payload","tests.api","Sun May 17 16:02:54 UTC 2026","passed","Sun May 17 16:02:54 UTC 2026","TestAuthJDCreateP1","test_auth","",""
"","310","test_get_resume_analysis","tests.api","Sun May 17 16:17:01 UTC 2026","passed","Sun May 17 16:17:01 UTC 2026","TestResume","test_resumes","",""
"","350","test_update_course","tests.api","Sun May 17 16:04:47 UTC 2026","passed","Sun May 17 16:04:47 UTC 2026","TestCoursesCRUD","test_courses","",""
"","256","test_put_university","tests.api","Sun May 17 16:04:13 UTC 2026","passed","Sun May 17 16:04:13 UTC 2026","TestAuthUniversities","test_auth","",""
"","219","test_update_user_roles","tests.api","Sun May 17 16:02:18 UTC 2026","passed","Sun May 17 16:02:19 UTC 2026","TestAuthProtected","test_auth","",""
"","213","test_create_assessment","tests.api","Sun May 17 16:15:11 UTC 2026","passed","Sun May 17 16:15:11 UTC 2026","TestQuizAPIs","test_quiz","",""
"P0: GET /api/v1/it-journey/explain/{session_id}/{role_slug}.","215","test_get_it_journey_explain","tests.api","Sun May 17 16:06:07 UTC 2026","passed","Sun May 17 16:06:07 UTC 2026","TestJobsITJourney","test_jobs_endpoints","",""
"P0: Schedule a published assessment for groups.","469","test_schedule_assessment","tests.api","Sun May 17 16:03:47 UTC 2026","passed","Sun May 17 16:03:48 UTC 2026","TestAuthAssessmentLifecycle","test_auth","",""
"","254","test_p1_get_user_evaluation_by_id_admin_unauthorized","tests.api","Sun May 17 16:16:23 UTC 2026","passed","Sun May 17 16:16:24 UTC 2026","TestQuizP1","test_quiz","",""
"P0: GET /health — health check.","210","test_jobs_health","tests.api","Sun May 17 16:06:07 UTC 2026","passed","Sun May 17 16:06:07 UTC 2026","TestJobsITJourney","test_jobs_endpoints","",""
"","247","test_p1_groups_nonexistent_company","tests.api","Sun May 17 16:04:18 UTC 2026","passed","Sun May 17 16:04:18 UTC 2026","TestAuthNewP1","test_auth","",""
"","217","test_get_questions","tests.api","Sun May 17 16:03:54 UTC 2026","passed","Sun May 17 16:03:54 UTC 2026","TestAuthAssessmentsCRUD","test_auth","",""
"P0: Get all student results.","326","test_student_results","tests.api","Sun May 17 16:03:06 UTC 2026","passed","Sun May 17 16:03:06 UTC 2026","TestAuthStudentAssessments","test_auth","",""
"Login with password only → 422.","309","test_p1_login_missing_email","tests.api","Sun May 17 16:02:12 UTC 2026","passed","Sun May 17 16:02:12 UTC 2026","TestAuthPublicP1","test_auth","",""
"P0: Export assessment results as CSV.","247","test_export_assessment_csv","tests.api","Sun May 17 16:02:59 UTC 2026","passed","Sun May 17 16:02:59 UTC 2026","TestAuthAssessments","test_auth","",""
"","320","test_my_teachings","tests.api","Sun May 17 16:04:07 UTC 2026","passed","Sun May 17 16:04:08 UTC 2026","TestAuthClassrooms","test_auth","",""
"P1: GET /resumes/99999/skills → 404.","246","test_p1_get_skills_nonexistent_resume","tests.api","Sun May 17 16:17:07 UTC 2026","passed","Sun May 17 16:17:07 UTC 2026","TestResumeP1","test_resumes","",""
"","226","test_put_user_roles","tests.api","Sun May 17 16:04:16 UTC 2026","passed","Sun May 17 16:04:16 UTC 2026","TestAuthUserRoles","test_auth","",""
"","216","test_get_job","tests.api","Sun May 17 16:05:57 UTC 2026","passed","Sun May 17 16:05:57 UTC 2026","TestJobsReal","test_jobs_endpoints","",""
"","416","test_add_group_member","tests.api","Sun May 17 16:03:58 UTC 2026","passed","Sun May 17 16:03:58 UTC 2026","TestAuthCompanyGroupsCRUD","test_auth","",""
"P1: GET /v1/interview/me/history without token → 401/403.","234","test_p1_me_history_no_auth","tests.api","Sun May 17 16:05:52 UTC 2026","passed","Sun May 17 16:05:53 UTC 2026","TestInterviewNewEndpointsP1","test_interview","",""
"","260","test_get_session_metrics","tests.api","Sun May 17 16:05:42 UTC 2026","passed","Sun May 17 16:05:43 UTC 2026","TestAIInterview","test_interview","",""
"","2702","test_generate_resume","tests.api","Sun May 17 16:17:02 UTC 2026","failed","Sun May 17 16:17:05 UTC 2026","TestResume","test_resumes","",""
"","238","test_put_role","tests.api","Sun May 17 16:04:13 UTC 2026","passed","Sun May 17 16:04:13 UTC 2026","TestAuthRolesCRUD","test_auth","",""
"","287","test_list_questions","tests.api","Sun May 17 16:05:11 UTC 2026","passed","Sun May 17 16:05:11 UTC 2026","TestCoursesQuizzes","test_courses","",""
"","228","test_get_performance_trends","tests.api","Sun May 17 16:05:43 UTC 2026","passed","Sun May 17 16:05:43 UTC 2026","TestAIInterview","test_interview","",""
"PUT /api/assessments/{id}/questions/99999 → 404.","239","test_p1_edit_question_nonexistent","tests.api","Sun May 17 16:03:05 UTC 2026","passed","Sun May 17 16:03:05 UTC 2026","TestAuthAssessmentQuestionsP1","test_auth","",""
"P0: GET /api/v1/resumes/admin/{resume_id} — admin gets a specific resume.","251","test_admin_get_resume_by_id","tests.api","Sun May 17 16:17:13 UTC 2026","passed","Sun May 17 16:17:14 UTC 2026","TestResumeNewEndpoints","test_resumes","",""
"P0: GET /api/v1/resumes/{id}/skills.","237","test_get_resume_skills_new","tests.api","Sun May 17 16:17:17 UTC 2026","passed","Sun May 17 16:17:17 UTC 2026","TestResumeNewEndpoints","test_resumes","",""
"GET /api/assessments/99999/export-csv → 404.","217","test_p1_export_csv_nonexistent","tests.api","Sun May 17 16:03:02 UTC 2026","passed","Sun May 17 16:03:02 UTC 2026","TestAuthAssessmentsP1","test_auth","",""
"P0: Gap analysis for target roles.","2889","test_idp_gap_analysis","tests.api","Sun May 17 16:03:17 UTC 2026","passed","Sun May 17 16:03:20 UTC 2026","TestAuthIDP","test_auth","",""
